scale,seed,model,fpr,tpr,precision
500000,42,Amount LR,7.080147267063155e-06,0.0,0.0
500000,42,Amount LR,0.0008071367884451996,0.0016501650165016502,0.04201680672268908
500000,42,Amount LR,0.001607193429623336,0.0036303630363036304,0.046218487394957986
500000,42,Amount LR,0.002421410365335599,0.0049504950495049506,0.04201680672268908
500000,42,Amount LR,0.0032639478901161146,0.005940594059405941,0.037578288100208766
500000,42,Amount LR,0.004092325120362504,0.007260726072607261,0.03666666666666667
500000,42,Amount LR,0.004906542056074766,0.00957095709570957,0.04016620498614958
500000,42,Amount LR,0.005734919286321156,0.011221122112211221,0.04028436018957346
500000,42,Amount LR,0.006584536958368734,0.01221122112211221,0.038262668045501554
500000,42,Amount LR,0.007448314924950439,0.01419141914191419,0.039269406392694065
500000,42,Amount LR,0.00830501274426508,0.01617161716171617,0.040098199672667756
500000,42,Amount LR,0.00913338997451147,0.018151815181518153,0.040892193308550186
500000,42,Amount LR,0.01005380911922968,0.019471947194719473,0.03989181879648411
500000,42,Amount LR,0.01093174738034551,0.022112211221122113,0.04158907510862818
500000,42,Amount LR,0.011809685641461343,0.023432343234323433,0.04082806210465785
500000,42,Amount LR,0.0127017841971113,0.023762376237623763,0.03858520900321544
500000,42,Amount LR,0.013565562163693005,0.02574257425742574,0.03911735205616851
500000,42,Amount LR,0.014507221750212405,0.027722772277227723,0.03938115330520394
500000,42,Amount LR,0.015378079864061173,0.030363036303630363,0.04063604240282685
500000,42,Amount LR,0.01629141886151232,0.033003300330033,0.04164931278633902
500000,42,Amount LR,0.017233078448031718,0.033003300330033,0.03946329913180742
500000,42,Amount LR,0.01815349759274993,0.033663366336633666,0.03825956489122281
500000,42,Amount LR,0.019066836590201076,0.035313531353135315,0.038214285714285715
500000,42,Amount LR,0.020043896913055793,0.03597359735973597,0.03707482993197279
500000,42,Amount LR,0.02095723591050694,0.036963696369636964,0.036458333333333336
500000,42,Amount LR,0.02189889549702634,0.037953795379537955,0.03584788029925187
500000,42,Amount LR,0.02284055508354574,0.040594059405940595,0.036727381307853094
500000,42,Amount LR,0.023874256584536957,0.041584158415841586,0.036020583190394515
500000,42,Amount LR,0.024858397054658737,0.04257425742574258,0.03543956043956044
500000,42,Amount LR,0.025856697819314642,0.04422442244224423,0.035393555203380875
500000,42,Amount LR,0.02683375814216936,0.045874587458745876,0.035377958768134384
500000,42,Amount LR,0.027810818465024072,0.047524752475247525,0.03536345776031434
500000,42,Amount LR,0.028809119229679978,0.04884488448844884,0.03509603983874793
500000,42,Amount LR,0.029729538374398186,0.05247524752475247,0.03648462597521799
500000,42,Amount LR,0.030706598697252903,0.054455445544554455,0.036650377609951136
500000,42,Amount LR,0.03180402152364769,0.055115511551155114,0.035844601845889675
500000,42,Amount LR,0.032844803171905974,0.056105610561056105,0.03535038469536286
500000,42,Amount LR,0.03388558482016426,0.05742574257425743,0.03508064516129032
500000,42,Amount LR,0.03491220617388842,0.058745874587458745,0.034840477588569195
500000,42,Amount LR,0.0360308694420844,0.060396039603960394,0.03471168437025797
500000,42,Amount LR,0.037177853299348626,0.06303630363036304,0.03509739066519662
500000,42,Amount LR,0.038402718776550555,0.06468646864686468,0.034875444839857654
500000,42,Amount LR,0.039549702633814784,0.06699669966996699,0.03506650544135429
500000,42,Amount LR,0.0407391673746814,0.06897689768976897,0.03504947174241154
500000,42,Amount LR,0.04181534975927499,0.07095709570957096,0.03512497957850025
500000,42,Amount LR,0.04301897479467573,0.07326732673267326,0.03524928548745634
500000,42,Amount LR,0.04433588218634948,0.07524752475247524,0.035130970724191066
500000,42,Amount LR,0.045574907958085525,0.07953795379537953,0.036088649296196464
500000,42,Amount LR,0.046828094024355706,0.08250825082508251,0.036421911421911424
500000,42,Amount LR,0.048081280090625886,0.08613861386138613,0.03701077708451503
500000,42,Amount LR,0.04934862645143019,0.08877887788778878,0.03715982870562232
500000,42,Amount LR,0.05065137354856981,0.09108910891089109,0.03714670255720054
500000,42,Amount LR,0.051826677994902294,0.0933993399339934,0.03722214915165067
500000,42,Amount LR,0.05320730671197961,0.09504950495049505,0.03690888119953864
500000,42,Amount LR,0.054538374398187484,0.09669966996699669,0.03664332166083042
500000,42,Amount LR,0.05591192296799773,0.10033003300330033,0.037068650164614074
500000,42,Amount LR,0.0573208722741433,0.10231023102310231,0.03687842017606471
500000,42,Amount LR,0.058786462758425376,0.10297029702970296,0.03621590249564713
500000,42,Amount LR,0.06026621353724158,0.10594059405940594,0.03634099399977358
500000,42,Amount LR,0.061788445199660154,0.10825082508250825,0.036223081170623964
500000,42,Amount LR,0.0632965165675446,0.10957095709570958,0.035806729939603106
500000,42,Amount LR,0.06468422543188898,0.11122112211221122,0.03557479151272036
500000,42,Amount LR,0.06595865193996035,0.11452145214521452,0.035910172824174684
500000,42,Amount LR,0.06743840271877655,0.11815181518151815,0.036223818678538904
500000,42,Amount LR,0.06893231379212687,0.12079207920792079,0.03623044941595724
500000,42,Amount LR,0.0704474653072784,0.12343234323432344,0.03622626888802789
500000,42,Amount LR,0.07209713962050411,0.12475247524752475,0.03579206514534609
500000,42,Amount LR,0.07369017275559332,0.12772277227722773,0.03584993052339046
500000,42,Amount LR,0.07542480883602379,0.13036303630363036,0.035753077480086895
500000,42,Amount LR,0.07710280373831775,0.13267326732673268,0.035600425079702444
500000,42,Amount LR,0.07885160011328235,0.13564356435643565,0.03559057845514375
500000,42,Amount LR,0.08044463324837156,0.13795379537953795,0.035483870967741936
500000,42,Amount LR,0.08212262815066554,0.1419141914191419,0.03574694488319893
500000,42,Amount LR,0.08383602378929482,0.14488448844884488,0.035749185667752446
500000,42,Amount LR,0.0856839422259983,0.14752475247524752,0.03562036815682525
500000,42,Amount LR,0.08741149815916172,0.1504950495049505,0.0356194344633651
500000,42,Amount LR,0.0892594165958652,0.1528052805280528,0.035424636572302985
500000,42,Amount LR,0.09105069385443217,0.15577557755775578,0.0354035403540354
500000,42,Amount LR,0.0929481733220051,0.15874587458745876,0.03534425747666985
500000,42,Amount LR,0.09484565278957802,0.1617161716171617,0.03528733976667147
500000,42,Amount LR,0.09699093741149815,0.16369636963696368,0.03494188094399436
500000,42,Amount LR,0.09900169923534409,0.16633663366336635,0.03478981155518741
500000,42,Amount LR,0.1011540640045313,0.16864686468646864,0.03453169347209082
500000,42,Amount LR,0.103363069951855,0.1735973597359736,0.03477685950413223
500000,42,Amount LR,0.10576323987538941,0.17623762376237623,0.03451396070320579
500000,42,Amount LR,0.10809968847352025,0.17953795379537954,0.03440424993675689
500000,42,Amount LR,0.11030161427357689,0.18184818481848186,0.03415995040297582
500000,42,Amount LR,0.11267346360804305,0.18514851485148515,0.03405159332321699
500000,42,Amount LR,0.11506655338431039,0.1891089108910891,0.034056463595839526
500000,42,Amount LR,0.11771452846219202,0.19405940594059407,0.034158243290345065
500000,42,Amount LR,0.12027754177286888,0.19636963696369636,0.0338395040664278
500000,42,Amount LR,0.12269187199093741,0.201980198019802,0.03411181093584527
500000,42,Amount LR,0.12533984706881904,0.2066006600660066,0.03415352719733755
500000,42,Amount LR,0.1280515434721042,0.2089108910891089,0.03381590896949623
500000,42,Amount LR,0.13074907958085527,0.2155115511551155,0.03415271966527197
500000,42,Amount LR,0.13375106202209006,0.21914191419141915,0.03395551009971874
500000,42,Amount LR,0.1366468422543189,0.22310231023102312,0.03384060873047657
500000,42,Amount LR,0.13975502690455963,0.22838283828382838,0.03387009935881748
500000,42,Amount LR,0.14258000566411783,0.23366336633663368,0.03396335028302792
500000,42,Amount LR,0.14553950722175021,0.23795379537953795,0.03388635615923297
500000,42,Amount LR,0.1487326536391957,0.2429042904290429,0.0338499747045026
500000,42,Amount LR,0.15203200226564711,0.2485148514851485,0.03387924052911005
500000,42,Amount LR,0.15546587369017276,0.2537953795379538,0.03383640603687244
500000,42,Amount LR,0.1588997451146984,0.2603960396039604,0.033961776859504134
500000,42,Amount LR,0.16232653639195696,0.26567656765676567,0.03392044496881847
500000,42,Amount LR,0.1661214953271028,0.2712871287128713,0.03384805435453984
500000,42,Amount LR,0.17020674030019825,0.2742574257425743,0.03341240802541112
500000,42,Amount LR,0.1744194279241008,0.27920792079207923,0.03320120874376987
500000,42,Amount LR,0.1785188331917304,0.2825082508250825,0.03283467587265056
500000,42,Amount LR,0.18294392523364486,0.2838283828382838,0.032210944230120976
500000,42,Amount LR,0.18746105919003114,0.2867986798679868,0.03177795655671762
500000,42,Amount LR,0.19167374681393373,0.2887788778877888,0.03130926396393173
500000,42,Amount LR,0.19628292268479183,0.29207920792079206,0.030935402684563757
500000,42,Amount LR,0.20093457943925233,0.2973597359735974,0.03077080700795738
500000,42,Amount LR,0.20547295383743983,0.300990099009901,0.030468045301172617
500000,42,Amount LR,0.21025205324270746,0.30363036303630364,0.030049647243271492
500000,42,Amount LR,0.2151444350042481,0.3075907590759076,0.029758293687537917
500000,42,Amount LR,0.2205041064854149,0.3118811881188119,0.029449344011966718
500000,42,Amount LR,0.22560181251770037,0.3165016501650165,0.029217317125186607
500000,42,Amount LR,0.231053525913339,0.3231023102310231,0.02912563591467587
500000,42,Amount LR,0.2368592466723308,0.3287128712871287,0.02891146589259797
500000,42,Amount LR,0.24305437553101106,0.332013201320132,0.02847035517192585
500000,42,Amount LR,0.24917870291702068,0.3346534653465347,0.028004860804242155
500000,42,Amount LR,0.25516142735768904,0.34026402640264025,0.027812247100080928
500000,42,Amount LR,0.2615689606343812,0.3448844884488449,0.027507962831345916
500000,42,Amount LR,0.26838006230529593,0.35181518151815183,0.027352971364056247
500000,42,Amount LR,0.2752761257434155,0.35973597359735976,0.027270452839629724
500000,42,Amount LR,0.28227839139054095,0.366006600660066,0.027063302259749133
500000,42,Amount LR,0.2895567827810818,0.3722772277227723,0.026841165972635337
500000,42,Amount LR,0.2971183800623053,0.3759075907590759,0.026424461766889385
500000,42,Amount LR,0.30468705749079583,0.38382838283828385,0.02631400321288775
500000,42,Amount LR,0.3126026621353724,0.3917491749174917,0.0261805509605417
500000,42,Amount LR,0.32043330501274425,0.39504950495049507,0.025766871165644172
500000,42,Amount LR,0.32880911922968,0.4042904290429043,0.025699660135106786
500000,42,Amount LR,0.33749645992636645,0.41386138613861384,0.025632639712194923
500000,42,Amount LR,0.346976777116964,0.42244224422442245,0.025453894644739197
500000,42,Amount LR,0.35618096856414616,0.43135313531353137,0.02532258689502848
500000,42,Amount LR,0.365923251203625,0.4382838283828383,0.025051404425496596
500000,42,Amount LR,0.3756796941376381,0.44422442244224425,0.024739463671953975
500000,42,Amount LR,0.3858326253186066,0.4514851485148515,0.024488480747543097
500000,42,Amount LR,0.3961625601812518,0.46006600660066005,0.024307735230522425
500000,42,Amount LR,0.40708722741433023,0.46732673267326735,0.02403544209257719
500000,42,Amount LR,0.4181251770036817,0.4772277227722772,0.0239000363624343
500000,42,Amount LR,0.4300552251486831,0.4887788778877888,0.023801870720966862
500000,42,Amount LR,0.4417233078448032,0.4986798679867987,0.023646322378716746
500000,42,Amount LR,0.45407108467856133,0.5115511551155115,0.02359819131282067
500000,42,Amount LR,0.4666808269612008,0.5234323432343234,0.023496296296296296
500000,42,Amount LR,0.48000566411781365,0.5353135313531353,0.02336569765766804
500000,42,Amount LR,0.49385443217218916,0.5468646864686468,0.02320435799409038
500000,42,Amount LR,0.5077244406683659,0.5594059405940595,0.023090755524071603
500000,42,Amount LR,0.5218988954970263,0.5726072607260726,0.02299597073481073
500000,42,Amount LR,0.5363707165109034,0.5854785478547855,0.022881170112600123
500000,42,Amount LR,0.5519682809402435,0.5976897689768977,0.022702485865790826
500000,42,Amount LR,0.5674384027187765,0.6165016501650165,0.022776876836599076
500000,42,Amount LR,0.5834820164259417,0.6313531353135313,0.022686305203737964
500000,42,Amount LR,0.6000637213254035,0.6445544554455446,0.022524392775586464
500000,42,Amount LR,0.6167587085811385,0.6646864686468646,0.022597475455820477
500000,42,Amount LR,0.6346502407250071,0.6785478547854785,0.022422404955613234
500000,42,Amount LR,0.6522868875672614,0.6927392739273928,0.022275756675298214
500000,42,Amount LR,0.6709713962050411,0.7082508250825083,0.02214334358297047
500000,42,Amount LR,0.6908241291418862,0.7250825082508251,0.022020868205554833
500000,42,Amount LR,0.709650240725007,0.7445544554455445,0.022012547932908563
500000,42,Amount LR,0.7292834890965733,0.7643564356435644,0.021990125332320545
500000,42,Amount LR,0.7494548286604361,0.7841584158415842,0.02195345055391808
500000,42,Amount LR,0.769958935145851,0.8023102310231023,0.02186544342507645
500000,42,Amount LR,0.7899391107335032,0.8158415841584158,0.021676034478223128
500000,42,Amount LR,0.8105777400169923,0.833993399339934,0.021595891054840062
500000,42,Amount LR,0.8318465024072501,0.8518151815181518,0.021495615094402478
500000,42,Amount LR,0.8526338147833475,0.8699669966996699,0.021420097186783896
500000,42,Amount LR,0.8736122911356556,0.8907590759075907,0.021405684918469642
500000,42,Amount LR,0.8935358255451713,0.907920792079208,0.021333188578873088
500000,42,Amount LR,0.9126947040498442,0.9201320132013201,0.02116980644965337
500000,42,Amount LR,0.9311384876805437,0.9346534653465347,0.02107989817337323
500000,42,Amount LR,0.9479538374398188,0.9508250825082508,0.021064560941726988
500000,42,Amount LR,0.9627584253752478,0.9673267326732673,0.021099840905327873
500000,42,Amount LR,0.9758496176720476,0.9805280528052805,0.02110085227272727
500000,42,Amount LR,0.9860804304729538,0.9894389438943895,0.021072312190733244
500000,42,Amount LR,0.9935924667233078,0.996039603960396,0.021052925296296553
500000,42,Amount LR,0.9981874822996318,0.9983498349834984,0.021005631592469914
500000,42,Amount LR,1.0,1.0,0.021002287377833228
500000,42,Context LR,7.080147267063155e-06,0.0,0.0
500000,42,Context LR,0.0056003964882469556,0.0049504950495049506,0.018610421836228287
500000,42,Context LR,0.011179552534692721,0.01089108910891089,0.020471464019851116
500000,42,Context LR,0.016779949022939677,0.015841584158415842,0.019851116625310174
500000,42,Context LR,0.022359105069385442,0.02178217821782178,0.020471464019851116
500000,42,Context LR,0.027994902293967713,0.025082508250825083,0.018858560794044667
500000,42,Context LR,0.03362361937128292,0.028712871287128714,0.017990074441687345
500000,42,Context LR,0.03920985556499575,0.034323432343234324,0.018433179723502304
500000,42,Context LR,0.04478193146417445,0.040594059405940595,0.019075682382133995
500000,42,Context LR,0.05031860662701784,0.048514851485148516,0.020264681555004136
500000,42,Context LR,0.055940243557065984,0.05247524752475247,0.019727047146401985
500000,42,Context LR,0.0614910790144435,0.059735973597359736,0.020415068802165575
500000,42,Context LR,0.06707731520815632,0.06534653465346535,0.020471464019851116
500000,42,Context LR,0.07259274992919852,0.07425742574257425,0.021473563657186487
500000,42,Context LR,0.0781506655338431,0.08118811881188119,0.021800779865295994
500000,42,Context LR,0.0837227414330218,0.08745874587458746,0.021918941273779982
500000,42,Context LR,0.0893160577740017,0.09273927392739274,0.02178970223325062
500000,42,Context LR,0.09489521382044747,0.09867986798679867,0.021821631878557873
500000,42,Context LR,0.10046728971962617,0.10495049504950495,0.021918941273779982
500000,42,Context LR,0.10607476635514018,0.10957095709570958,0.021679508946062426
500000,42,Context LR,0.11165392240158595,0.11551155115511551,0.021712158808933003
500000,42,Context LR,0.11724015859529878,0.12112211221122113,0.021682618456812006
500000,42,Context LR,0.12285471537807986,0.1254125412541254,0.0214301827205053
500000,42,Context LR,0.1284409515717927,0.131023102310231,0.021415470924587333
500000,42,Context LR,0.13400594732370433,0.13762376237623763,0.021557071960297765
500000,42,Context LR,0.13963466440101954,0.14125412541254126,0.021240694789081888
500000,42,Context LR,0.14522090059473236,0.14686468646864687,0.02123496850543997
500000,42,Context LR,0.15080005664117813,0.1528052805280528,0.0212756180498116
500000,42,Context LR,0.15637213254035684,0.15907590759075907,0.021357674583481034
500000,42,Context LR,0.16198668932313792,0.16336633663366337,0.021177376572259776
500000,42,Context LR,0.1675446049277825,0.1702970297029703,0.021339950372208438
500000,42,Context LR,0.17313084112149532,0.17590759075907592,0.02133194588969823
500000,42,Context LR,0.1786887567261399,0.18283828382838282,0.02147952853598015
500000,42,Context LR,0.1842395921835174,0.1900990099009901,0.021655763591247462
500000,42,Context LR,0.1898329085244973,0.19537953795379537,0.02160268573930813
500000,42,Context LR,0.19537666383460775,0.20297029702970298,0.021800779865295994
500000,42,Context LR,0.20092749929198528,0.2099009900990099,0.021919696708599
500000,42,Context LR,0.20650665533843104,0.21584158415841584,0.02193085409610677
500000,42,Context LR,0.2120291702067403,0.22442244224422442,0.022202631664870867
500000,42,Context LR,0.2175233644859813,0.23432343234323433,0.022587726274933988
500000,42,Context LR,0.2230600396488247,0.24224422442244226,0.022767455566239648
500000,42,Context LR,0.22860379495893515,0.24983498349834984,0.022908155545468302
500000,42,Context LR,0.23419003115264797,0.25544554455445545,0.022864907979084814
500000,42,Context LR,0.2397408666100255,0.2627062706270627,0.022967942984101337
500000,42,Context LR,0.24533418295100537,0.26798679867986797,0.022897104023912245
500000,42,Context LR,0.25089209855565,0.2749174917491749,0.02296727232622901
500000,42,Context LR,0.2564287737184933,0.28283828382838283,0.023115306810519216
500000,42,Context LR,0.26202209005947324,0.2881188118811881,0.023045854122119267
500000,42,Context LR,0.267601246105919,0.29405940594059404,0.02303099232300256
500000,42,Context LR,0.27312376097422825,0.30264026402640265,0.02321930468690654
500000,42,Context LR,0.2787453979042764,0.3066006600660066,0.02305268120797042
500000,42,Context LR,0.2843316340979892,0.3122112211221122,0.023014231845274298
500000,42,Context LR,0.2899320305862362,0.31716171617161715,0.022929541170575742
500000,42,Context LR,0.29548286604361373,0.3244224422442244,0.023011915630779315
500000,42,Context LR,0.3010691022373265,0.33003300330033003,0.02297635732830917
500000,42,Context LR,0.30665533843103937,0.33564356435643566,0.02294209208418868
500000,42,Context LR,0.31223449447748514,0.3415841584158416,0.022931206380857428
500000,42,Context LR,0.31778532993486264,0.34884488448844886,0.023007770836507693
500000,42,Context LR,0.3233432455395072,0.3557755775577558,0.023060303334973366
500000,42,Context LR,0.32894364202775417,0.36072607260726075,0.022984880028599667
500000,42,Context LR,0.3345581988105353,0.365016501650165,0.022870613536260055
500000,42,Context LR,0.34015859529878223,0.36996699669967,0.022800772907556187
500000,42,Context LR,0.34582271311243273,0.37194719471947196,0.02255308078685638
500000,42,Context LR,0.3514089493061456,0.37755775577557754,0.022529885578116075
500000,42,Context LR,0.35702350608892663,0.3818481848184819,0.0224298703061086
500000,42,Context LR,0.36263098272444066,0.38646864686468646,0.02235202046231079
500000,42,Context LR,0.36818181818181817,0.3937293729372937,0.022426919823291664
500000,42,Context LR,0.3737822146700651,0.39867986798679866,0.022369956111923852
500000,42,Context LR,0.3793613707165109,0.4046204620462046,0.022369405367927454
500000,42,Context LR,0.3848768054375531,0.41353135313531353,0.022530703252836567
500000,42,Context LR,0.39044180118946475,0.42013201320132015,0.022563320867083785
500000,42,Context LR,0.39602803738317754,0.42574257425742573,0.022542595019659238
500000,42,Context LR,0.4016142735768904,0.431023102310231,0.022505600551438912
500000,42,Context LR,0.40720050977060324,0.43663366336633663,0.022486232918621254
500000,42,Context LR,0.41280798640611727,0.4412541254125413,0.022417088628818617
500000,42,Context LR,0.41838006230529595,0.44752475247524753,0.022432503970354685
500000,42,Context LR,0.4239733786462758,0.4528052805280528,0.022398537238384433
500000,42,Context LR,0.42955961483998867,0.45841584158415843,0.022381566226232677
500000,42,Context LR,0.4351812517700368,0.4623762376237624,0.022285496134635575
500000,42,Context LR,0.44080288870008494,0.46633663366336636,0.02219185827365247
500000,42,Context LR,0.44640328518833194,0.47128712871287126,0.022147088929557367
500000,42,Context LR,0.45194704049844237,0.4788778877887789,0.022225966546167514
500000,42,Context LR,0.45752619654488813,0.4848184818481848,0.022227265849599033
500000,42,Context LR,0.46314783347493627,0.4887788778877888,0.022138842382205214
500000,42,Context LR,0.4687128292268479,0.49537953795379536,0.022170689196774097
500000,42,Context LR,0.474327386009629,0.4996699669966997,0.022099608804811117
500000,42,Context LR,0.4799136222033418,0.5052805280528053,0.022087889892373834
500000,42,Context LR,0.4854502973661852,0.5132013201320133,0.02217626925270964
500000,42,Context LR,0.4910082129708298,0.5201320132013202,0.0222203423286242
500000,42,Context LR,0.49660860945907676,0.525082508250825,0.022179780293314
500000,42,Context LR,0.5022090059473237,0.53003300330033,0.022140119661418843
500000,42,Context LR,0.5078306428773719,0.533993399339934,0.02206042757417103
500000,42,Context LR,0.5133814783347493,0.5412541254125413,0.022117329737019555
500000,42,Context LR,0.5189323137921269,0.5485148514851486,0.02217300816479001
500000,42,Context LR,0.5245751911639762,0.5514851485148515,0.02205591193474301
500000,42,Context LR,0.530161427357689,0.5570957095709571,0.02204576324313029
500000,42,Context LR,0.5357901444350043,0.5607260726072607,0.021958280559361026
500000,42,Context LR,0.5413834607759841,0.566006600660066,0.02193655666410847
500000,42,Context LR,0.546976777116964,0.5712871287128712,0.02191527612488289
500000,42,Context LR,0.5525346927216086,0.5782178217821782,0.021957088429917785
500000,42,Context LR,0.5580855281789862,0.5854785478547855,0.022010471723864115
500000,42,Context LR,0.563671764372699,0.5910891089108911,0.022001375853766398
500000,42,Context LR,0.5692721608609459,0.596039603960396,0.02196813039776183
500000,42,Context LR,0.5748654772019258,0.6013201320132013,0.021947576370820083
500000,42,Context LR,0.5804800339847069,0.6056105610561056,0.021891627496361338
500000,42,Context LR,0.5860662701784197,0.6112211221122112,0.02188401002032424
500000,42,Context LR,0.5916241857830643,0.6181518151815182,0.021923356040920477
500000,42,Context LR,0.5972175021240442,0.6234323432343234,0.021903988868274583
500000,42,Context LR,0.6027683375814217,0.6303630363036303,0.02194267332988684
500000,42,Context LR,0.6083120928915321,0.637953795379538,0.022003164448896426
500000,42,Context LR,0.6138487680543755,0.6458745874587458,0.02207383511736242
500000,42,Context LR,0.6194420843953554,0.6511551155115511,0.022053809954953443
500000,42,Context LR,0.6250354007363353,0.6564356435643565,0.022034142396614564
500000,42,Context LR,0.6306641178136505,0.6600660066006601,0.021959923140269007
500000,42,Context LR,0.6362291135655621,0.6666666666666666,0.021984958805411348
500000,42,Context LR,0.6418011894647409,0.6729372937293729,0.021998770054052888
500000,42,Context LR,0.6474299065420561,0.6765676567656765,0.0219267752665975
500000,42,Context LR,0.6530373831775701,0.6811881188118812,0.02188782489740082
500000,42,Context LR,0.6586590201076182,0.6851485148514852,0.021828505336207348
500000,42,Context LR,0.6642098555649958,0.6924092409240924,0.02187444610107287
500000,42,Context LR,0.6697606910223732,0.6996699669966997,0.021919621162773868
500000,42,Context LR,0.675325686774285,0.7062706270627063,0.021943541523538036
500000,42,Context LR,0.6809331634097989,0.7108910891089109,0.021906050097122924
500000,42,Context LR,0.6865902010761824,0.7132013201320132,0.021798557522570233
500000,42,Context LR,0.6922118380062305,0.7171617161716172,0.02174282826867852
500000,42,Context LR,0.6977980741999433,0.7227722772277227,0.02173761997875867
500000,42,Context LR,0.7033984706881903,0.7277227722772277,0.02171280021269682
500000,42,Context LR,0.7089847068819032,0.7333333333333333,0.021707910393810023
500000,42,Context LR,0.7146134239592183,0.736963696369637,0.021644937721126353
500000,42,Context LR,0.7201713395638629,0.7438943894389439,0.02167912206288292
500000,42,Context LR,0.7257434154630417,0.7501650165016501,0.021693692317970546
500000,42,Context LR,0.7313225715094874,0.7561056105610561,0.021698568898402205
500000,42,Context LR,0.7369158878504672,0.7613861386138614,0.02168457265318783
500000,42,Context LR,0.7425446049277825,0.765016501650165,0.021624142917113672
500000,42,Context LR,0.7481096006796941,0.7716171617161716,0.021647947704187924
500000,42,Context LR,0.753702917020674,0.7768976897689769,0.021634637477368185
500000,42,Context LR,0.7593174738034552,0.7811881188118812,0.02159415397808654
500000,42,Context LR,0.764910790144435,0.7864686468646864,0.021581430732029814
500000,42,Context LR,0.7705253469272161,0.7907590759075908,0.02154191953247921
500000,42,Context LR,0.7761115831209289,0.7963696369636963,0.021538681257866125
500000,42,Context LR,0.7816694987255735,0.8033003300330033,0.021570938610562137
500000,42,Context LR,0.7872982158028887,0.806930693069307,0.021514743538977324
500000,42,Context LR,0.7928986122911357,0.8118811881188119,0.021494290033115187
500000,42,Context LR,0.7985060889266496,0.8165016501650165,0.021465446184547307
500000,42,Context LR,0.8041135655621637,0.8207920792079207,0.02142857142857143
500000,42,Context LR,0.8097281223449447,0.8250825082508251,0.021392021631612274
500000,42,Context LR,0.8152931180968565,0.8316831683168316,0.02141545992249643
500000,42,Context LR,0.8208581138487681,0.8382838283828383,0.021438579314303076
500000,42,Context LR,0.826451430189748,0.8435643564356435,0.021427852855370376
500000,42,Context LR,0.8320164259416596,0.8501650165016502,0.021450578732617204
500000,42,Context LR,0.8375672613990371,0.8574257425742574,0.021489544732662784
500000,42,Context LR,0.8431818181818181,0.8617161716171617,0.021454043483262394
500000,42,Context LR,0.848768054375531,0.8673267326732673,0.02145166029973553
500000,42,Context LR,0.8543896913055792,0.8712871287128713,0.02140876137340448
500000,42,Context LR,0.8600184083828943,0.8749174917491749,0.021358362874637448
500000,42,Context LR,0.8656117247238743,0.8801980198019802,0.021348638393929205
500000,42,Context LR,0.8712192013593882,0.8848184818481848,0.02132313174052747
500000,42,Context LR,0.8768054375531011,0.8904290429042905,0.021321658316078965
500000,42,Context LR,0.8823916737468139,0.8960396039603961,0.021320203543158688
500000,42,Context LR,0.8879991503823279,0.9006600660066006,0.02129535700351151
500000,42,Context LR,0.8935853865760408,0.9062706270627062,0.021294084804119234
500000,42,Context LR,0.8991503823279524,0.9128712871287129,0.021315947658020067
500000,42,Context LR,0.9047932596998017,0.9158415841584159,0.02125329330310643
500000,42,Context LR,0.9103511753044463,0.9227722772277228,0.021282750011417783
500000,42,Context LR,0.9159515717926933,0.9277227722772278,0.021266454834316842
500000,42,Context LR,0.9215661285754744,0.932013201320132,0.021235318003398854
500000,42,Context LR,0.9271382044746531,0.9382838283828383,0.02124940205692418
500000,42,Context LR,0.9327527612574341,0.9425742574257425,0.021218740248740695
500000,42,Context LR,0.9383319173038799,0.9485148514851485,0.02122537000384036
500000,42,Context LR,0.943946474086661,0.9528052805280528,0.021195213273621612
500000,42,Context LR,0.9495468705749079,0.9577557755775578,0.021180008174227827
500000,42,Context LR,0.9551331067686207,0.9633663366336633,0.021179492388733293
500000,42,Context LR,0.9607405834041348,0.967986798679868,0.021157341951120987
500000,42,Context LR,0.9663409798923818,0.972937293729373,0.021142619447193655
500000,42,Context LR,0.9719626168224299,0.976897689768977,0.021106674272675412
500000,42,Context LR,0.977577173605211,0.9811881188118812,0.02107822979737107
500000,42,Context LR,0.9831917303879921,0.9854785478547855,0.021050108563855287
500000,42,Context LR,0.9887850467289719,0.9907590759075907,0.02104333440816498
500000,42,Context LR,0.994399603511753,0.995049504950495,0.021015725199353148
500000,42,Context LR,1.0,1.0,0.021002287377833228
500000,43,Amount LR,7.084611515327557e-06,0.0,0.0
500000,43,Amount LR,0.0008218149357779966,0.0009499683343888537,0.025210084033613446
500000,43,Amount LR,0.0016577990945866484,0.0015832805573147563,0.02092050209205021
500000,43,Amount LR,0.0024937832533953003,0.00253324889170361,0.022222222222222223
500000,43,Amount LR,0.0033155981891732967,0.0037998733375554147,0.025
500000,43,Amount LR,0.004158666959497276,0.00506649778340722,0.026533996683250415
500000,43,Amount LR,0.005001735729821255,0.005383153894870171,0.02351313969571231
500000,43,Amount LR,0.005844804500145235,0.006333122229259025,0.023668639053254437
500000,43,Amount LR,0.006687873270469213,0.008233058898036731,0.026804123711340205
500000,43,Amount LR,0.007559280486854504,0.009183027232425586,0.02645985401459854
500000,43,Amount LR,0.008437772314755121,0.01013299556681444,0.02616516762060507
500000,43,Amount LR,0.009316264142655737,0.011399620012666244,0.026646928201332347
500000,43,Amount LR,0.0101805867475257,0.011716276124129196,0.025101763907734057
500000,43,Amount LR,0.011066163186941645,0.012982900569981,0.025577043044291953
500000,43,Amount LR,0.011958824237872916,0.014882837238758708,0.027089337175792507
500000,43,Amount LR,0.012830231454258205,0.01836605446485117,0.03103263777421081
500000,43,Amount LR,0.013758315562766115,0.018999366687777075,0.029970029970029972
500000,43,Amount LR,0.014679315059758698,0.019316022799240027,0.028598218471636194
500000,43,Amount LR,0.015642822225843248,0.019316022799240027,0.026884089907448214
500000,43,Amount LR,0.01652839866525919,0.02026599113362888,0.026700041718815185
500000,43,Amount LR,0.017463567385282427,0.022165927802406588,0.027613412228796843
500000,43,Amount LR,0.018334974601667716,0.023749208359721344,0.02816372512204281
500000,43,Amount LR,0.019270143321690955,0.024699176694110196,0.027877055039313797
500000,43,Amount LR,0.020162804372622228,0.025965801139962,0.028005464480874317
500000,43,Amount LR,0.02111214231567612,0.026915769474350856,0.02773246329526917
500000,43,Amount LR,0.022047311035699357,0.02881570614312856,0.028410864814236655
500000,43,Amount LR,0.022982479755722596,0.03103229892336922,0.029323758228605626
500000,43,Amount LR,0.02393181769877649,0.03324889170360988,0.030146425495262703
500000,43,Amount LR,0.024930747922437674,0.03451551614946168,0.030044101433296583
500000,43,Amount LR,0.026000524261252135,0.03578214059531349,0.029870473169442243
500000,43,Amount LR,0.026978200650367337,0.03799873337555415,0.03054989816700611
500000,43,Amount LR,0.02795587703948254,0.039898670044331855,0.03094302554027505
500000,43,Amount LR,0.028983145709205037,0.042115262824572515,0.031486742424242424
500000,43,Amount LR,0.030081260494080806,0.04369854338188727,0.031478102189781025
500000,43,Amount LR,0.031158121444410596,0.04401519949335022,0.030636984791712587
500000,43,Amount LR,0.03227749006383235,0.04654844838505383,0.03125664469487561
500000,43,Amount LR,0.03335435101416214,0.047815072830905636,0.03107635315908623
500000,43,Amount LR,0.03451622730267586,0.04939835338822039,0.031026252983293555
500000,43,Amount LR,0.03569935742573556,0.050348321722609245,0.030588687956906502
500000,43,Amount LR,0.03682581065667264,0.05288157061431285,0.031127679403541473
500000,43,Amount LR,0.03800185616821702,0.05319822672577581,0.03036876355748373
500000,43,Amount LR,0.03915664784521541,0.05446485117162761,0.03018073346201088
500000,43,Amount LR,0.04023350879554519,0.05668144395186827,0.030556503926254693
500000,43,Amount LR,0.04137413124951293,0.05984800506649778,0.031348482335379
500000,43,Amount LR,0.042500584480450014,0.0630145661811273,0.032107131332687965
500000,43,Amount LR,0.04367662999199439,0.064914502849905,0.03218210361067504
500000,43,Amount LR,0.04485267550353876,0.06649778340721976,0.03210518269377771
500000,43,Amount LR,0.046071228684175104,0.06681443951868271,0.03142686922847781
500000,43,Amount LR,0.047339374145418736,0.06871437618746042,0.03145383388896941
500000,43,Amount LR,0.04857918116060106,0.06966434452184928,0.03108661862371061
500000,43,Amount LR,0.04991108812548264,0.07188093730208993,0.031215621562156216
500000,43,Amount LR,0.05117923358672627,0.07346421785940468,0.03111587982832618
500000,43,Amount LR,0.05247571749403122,0.07568081063964535,0.0312581742087366
500000,43,Amount LR,0.053956401300734674,0.07758074730842306,0.031166518254674976
500000,43,Amount LR,0.05528830826561625,0.07916402786573781,0.031040476781723367
500000,43,Amount LR,0.056669807511105126,0.08043065231158962,0.030776687265236885
500000,43,Amount LR,0.057980460641440724,0.08264724509183027,0.030905861456483125
500000,43,Amount LR,0.05929111377177632,0.08518049398353388,0.031141467932391757
500000,43,Amount LR,0.060658443794234546,0.08803039898670044,0.03144796380090498
500000,43,Amount LR,0.062103704543361365,0.0915136162127929,0.03191606847045831
500000,43,Amount LR,0.0635773037385495,0.09404686510449652,0.03203537913925143
500000,43,Amount LR,0.06495171837252305,0.09753008233058898,0.032503165892781766
500000,43,Amount LR,0.06651741751741043,0.09879670677644078,0.03216163282135862
500000,43,Amount LR,0.06816104738896643,0.10101329955668144,0.03209255533199195
500000,43,Amount LR,0.06966298503021587,0.103863204559848,0.03228028737329003
500000,43,Amount LR,0.07132786873631784,0.10734642178594046,0.03257422888440473
500000,43,Amount LR,0.07292899093878187,0.11051298290056998,0.03279150615427981
500000,43,Amount LR,0.07455136697579189,0.11367954401519949,0.03299025914353979
500000,43,Amount LR,0.07616665840128657,0.116846105129829,0.03318345323741007
500000,43,Amount LR,0.0777181883231433,0.11937935402153262,0.03322464087423989
500000,43,Amount LR,0.07922721057590806,0.12286257124762508,0.03353210612738743
500000,43,Amount LR,0.08096294039716333,0.12697910069664345,0.033899737932200524
500000,43,Amount LR,0.08281202400266381,0.13077897403419886,0.03412659064617419
500000,43,Amount LR,0.08462568455058767,0.13204559848005065,0.033732405759585825
500000,43,Amount LR,0.08648893737911882,0.1358454718176061,0.03394793067974994
500000,43,Amount LR,0.08838052865371128,0.13806206459784673,0.03376965378359539
500000,43,Amount LR,0.0901871045901198,0.1415452818239392,0.03392274417545724
500000,43,Amount LR,0.09219913426047283,0.14597846738442052,0.034211502782931356
500000,43,Amount LR,0.0943245177150711,0.14787840405319821,0.033887236049633555
500000,43,Amount LR,0.09619485515511757,0.15009499683343888,0.033731853116994025
500000,43,Amount LR,0.0982848155521392,0.15294490183660545,0.03364446921147952
500000,43,Amount LR,0.10035352211461485,0.1551614946168461,0.03343568747867622
500000,43,Amount LR,0.10248599018072845,0.15737808739708675,0.033215264318652675
500000,43,Amount LR,0.1045830351892654,0.16086130462317924,0.03326784544859201
500000,43,Amount LR,0.10665882636325637,0.16339455351488283,0.033138526748442615
500000,43,Amount LR,0.1089542404942225,0.1668777707409753,0.0331321513894128
500000,43,Amount LR,0.11138426224397985,0.17131095630145662,0.03326569513619873
500000,43,Amount LR,0.11370093020949196,0.1741608613046232,0.03313452617627568
500000,43,Amount LR,0.11604593662106538,0.17701076630778975,0.03300076745970836
500000,43,Amount LR,0.11851138142839937,0.18081063964534516,0.03300768830568241
500000,43,Amount LR,0.12099099545876402,0.18492716909436352,0.03306533801381497
500000,43,Amount LR,0.12356270943882793,0.18809373020899303,0.032935957859717216
500000,43,Amount LR,0.12622652336859108,0.1915769474350855,0.032841168168494195
500000,43,Amount LR,0.12873447584501704,0.19632678910702978,0.032994518652546434
500000,43,Amount LR,0.13151872817054078,0.19917669411019634,0.03277236492471213
500000,43,Amount LR,0.13428172666151852,0.2051931602279924,0.03305785123966942
500000,43,Amount LR,0.13699513287188897,0.20930968967701077,0.03305330533053305
500000,43,Amount LR,0.1399069082046886,0.21437618746041798,0.03314565483476132
500000,43,Amount LR,0.14300288343688675,0.2188093730208993,0.033100210768346426
500000,43,Amount LR,0.14603509716544694,0.22197593413552882,0.032889180820118234
500000,43,Amount LR,0.14914524162067572,0.22545915136162129,0.03271457452674141
500000,43,Amount LR,0.15243958597530305,0.2317922735908803,0.03290035507213807
500000,43,Amount LR,0.1558968763947829,0.23875870804306523,0.03312975086778857
500000,43,Amount LR,0.1592691514760788,0.24382520582647246,0.03311685518902413
500000,43,Amount LR,0.162691018837982,0.25142495250158325,0.03342032157589023
500000,43,Amount LR,0.1661553938689772,0.25554148195060167,0.0332646331409728
500000,43,Amount LR,0.1698110534108862,0.25902469917669413,0.033001169968128456
500000,43,Amount LR,0.17373592819037767,0.2628245725142495,0.03273774306788151
500000,43,Amount LR,0.1774907722935013,0.2682077264091197,0.0327027027027027
500000,43,Amount LR,0.18164943925299856,0.2710576314122863,0.03230676328502415
500000,43,Amount LR,0.18604898300401698,0.27422419252691577,0.03192391344417002
500000,43,Amount LR,0.19071774199261785,0.27675744141861935,0.03144563574872274
500000,43,Amount LR,0.1951597934127282,0.2811906269791007,0.03122911904343239
500000,43,Amount LR,0.19981438317829842,0.2849905003166561,0.03092358438702584
500000,43,Amount LR,0.20470984973538975,0.2897403419886004,0.03069439785306944
500000,43,Amount LR,0.20986744691854822,0.2948068397720076,0.030470642141781763
500000,43,Amount LR,0.21468498274897097,0.30018999366687776,0.03033502927906307
500000,43,Amount LR,0.21989217221273671,0.305256491450285,0.030123117305168427
500000,43,Amount LR,0.2254677614752995,0.3103229892336922,0.029873494894071026
500000,43,Amount LR,0.23090874311907106,0.31538948701709946,0.029652564827770997
500000,43,Amount LR,0.2364701631586032,0.31918936035465484,0.029314255801779793
500000,43,Amount LR,0.24220869848601853,0.32488917036098797,0.029136139035610836
500000,43,Amount LR,0.24834397205829217,0.33153894870170997,0.02900196670452342
500000,43,Amount LR,0.25462802247238775,0.3388220392653578,0.028910323957742293
500000,43,Amount LR,0.2609404113325446,0.344205193160228,0.028666367783960547
500000,43,Amount LR,0.2679541767327189,0.3489550348321723,0.028311581543520706
500000,43,Amount LR,0.2745286962189428,0.3556048131728942,0.028164422039976926
500000,43,Amount LR,0.2819250306409448,0.36257124762507914,0.027968440851022253
500000,43,Amount LR,0.2889954729332417,0.36922102596580114,0.027789694456361123
500000,43,Amount LR,0.2963209612400904,0.37587080430652314,0.027596308092902144
500000,43,Amount LR,0.3038873263384602,0.38410386320455986,0.027501303647947038
500000,43,Amount LR,0.31162372211319794,0.3923369221025966,0.027396351575456054
500000,43,Amount LR,0.31993397142067714,0.3986700443318556,0.027123098797880132
500000,43,Amount LR,0.328711805088168,0.4056364787840405,0.02686717422764739
500000,43,Amount LR,0.3373550311368676,0.41133628879037365,0.026555185313899055
500000,43,Amount LR,0.3458919880128373,0.41956934768841037,0.026421791497168383
500000,43,Amount LR,0.3552436752130697,0.42716909436352124,0.026198244387477667
500000,43,Amount LR,0.36448200862905683,0.43730208993033565,0.02614144014537745
500000,43,Amount LR,0.3744642262541534,0.44363521215959467,0.025821552979339073
500000,43,Amount LR,0.38477233600895494,0.45376820772640913,0.025706802525832375
500000,43,Amount LR,0.39503085348314926,0.4648511716276124,0.025652227095601728
500000,43,Amount LR,0.4057640399288705,0.4746675110829639,0.02550490871658755
500000,43,Amount LR,0.417389887425523,0.48543381887270426,0.02536064055055585
500000,43,Amount LR,0.42876068890762375,0.4987333755541482,0.025364361059666638
500000,43,Amount LR,0.44050697480003687,0.5091830272324256,0.02520929357539272
500000,43,Amount LR,0.4528625372827681,0.519632678910703,0.025029361072556166
500000,43,Amount LR,0.4651968459309534,0.5294490183660545,0.024831068537907477
500000,43,Amount LR,0.47805541583127287,0.5360987967067764,0.02447557502421535
500000,43,Amount LR,0.49182081600555433,0.5433818872704244,0.02412246791402505
500000,43,Amount LR,0.5058412621943875,0.5563647878404053,0.024016840493732657
500000,43,Amount LR,0.5204355619159623,0.5706143128562381,0.023943025696898834
500000,43,Amount LR,0.5349377616878378,0.5826472450918303,0.023788899375541392
500000,43,Amount LR,0.5497304305318418,0.5959468017732742,0.023679806736540132
500000,43,Amount LR,0.5652811528079857,0.6092463584547182,0.02354553687250655
500000,43,Amount LR,0.5810089903720129,0.623179227359088,0.023434709090476076
500000,43,Amount LR,0.5980262272318297,0.6374287523749208,0.0232918715649407
500000,43,Amount LR,0.6155110484516582,0.6519949335022166,0.023150698793555132
500000,43,Amount LR,0.6326983159878428,0.66846105129829,0.023091985079361606
500000,43,Amount LR,0.6505940446755603,0.6852438252058265,0.023022256266224096
500000,43,Amount LR,0.6686527194281302,0.7029765674477517,0.022981128559745757
500000,43,Amount LR,0.6886596623474152,0.7216592780240658,0.022908206344738852
500000,43,Amount LR,0.7083619669715411,0.7374920835972134,0.022763035723012266
500000,43,Amount LR,0.7279084101423299,0.7520582647245092,0.02259322678843227
500000,43,Amount LR,0.7486875757167856,0.7653578214059531,0.022359961145288865
500000,43,Amount LR,0.7692612875572968,0.7875237492083598,0.022391486373335493
500000,43,Amount LR,0.7900758761893292,0.8093730208993034,0.022406115221431325
500000,43,Amount LR,0.8108054494831776,0.8255224825839139,0.022271962273500038
500000,43,Amount LR,0.8313366536545969,0.8445218492716909,0.022222962895067953
500000,43,Amount LR,0.8521512422866292,0.8616212792906903,0.02212141167288603
500000,43,Amount LR,0.8721015083137916,0.8812539582013933,0.022108181536530533
500000,43,Amount LR,0.8931357199027992,0.9008866371120963,0.022069318604939804
500000,43,Amount LR,0.9124342016705514,0.9192526915769474,0.02204352514161617
500000,43,Amount LR,0.9302732534661462,0.9366687777074097,0.022030729814474143
500000,43,Amount LR,0.9474746902253615,0.9534515516149462,0.022018603562757772
500000,43,Amount LR,0.9623382051845187,0.9683343888537049,0.02201694829833037
500000,43,Amount LR,0.9756926978909112,0.9787840405319823,0.02195141004609015
500000,43,Amount LR,0.9860999922069273,0.9882837238758708,0.021930995713583024
500000,43,Amount LR,0.9938930648737876,0.9946168461051298,0.021899184271072996
500000,43,Amount LR,0.9981580010060148,0.9990500316656111,0.02190272551823723
500000,43,Amount LR,1.0,1.0,0.021883597003651886
500000,43,Context LR,7.084611515327557e-06,0.0,0.0
500000,43,Context LR,0.005589758485593442,0.005699810006333122,0.022304832713754646
500000,43,Context LR,0.011193686194217541,0.01044965167827739,0.02045877247365158
500000,43,Context LR,0.016833036960418275,0.013616212792906902,0.017775940471269118
500000,43,Context LR,0.022479472338134337,0.016466117796073463,0.01612403100775194
500000,43,Context LR,0.02806923082372778,0.021849271690943636,0.017117340610270405
500000,43,Context LR,0.03365898930932122,0.027549081697276757,0.01798263745349318
500000,43,Context LR,0.039213324737338025,0.03451551614946168,0.019312544294826366
500000,43,Context LR,0.0448101678344468,0.039582013932868906,0.01937984496124031
500000,43,Context LR,0.0504920262697395,0.04084863837872071,0.017778390297684674
500000,43,Context LR,0.05611012320139425,0.04496516782773907,0.017613495410568097
500000,43,Context LR,0.061685712463957036,0.0512982900569981,0.01826586988386515
500000,43,Context LR,0.06728964017258114,0.056048131728942366,0.018294573643410854
500000,43,Context LR,0.07290065249272056,0.060481317289423686,0.018223451960690775
500000,43,Context LR,0.07849041097831401,0.06586447118429385,0.018428280322494904
500000,43,Context LR,0.08403766179481548,0.07314756174794174,0.019101959811461174
500000,43,Context LR,0.0896203356688936,0.07916402786573781,0.01937984496124031
500000,43,Context LR,0.09516758648539507,0.08644711842938568,0.019918283963227784
500000,43,Context LR,0.10077151419401917,0.09119696010132995,0.019845644983461964
500000,43,Context LR,0.1063825265141586,0.09563014566181127,0.019715367541454497
500000,43,Context LR,0.11192977733066008,0.10291323622545916,0.020156288762093775
500000,43,Context LR,0.11754787426231482,0.10702976567447751,0.019964559952746604
500000,43,Context LR,0.12318014041700023,0.11082963901203294,0.019732762022890003
500000,43,Context LR,0.12872030662198639,0.11842938568714376,0.02016933613762606
500000,43,Context LR,0.1343029804960645,0.12412919569347688,0.020259444932554653
500000,43,Context LR,0.13992107742771925,0.12824572514249524,0.02009426941205656
500000,43,Context LR,0.14552500513634334,0.13299556681443953,0.020037211965078003
500000,43,Context LR,0.1511431020679981,0.13742875237492083,0.01993752296949651
500000,43,Context LR,0.15670452210753022,0.1440785307156428,0.020155931602728803
500000,43,Context LR,0.16228011137009302,0.15009499683343888,0.020273738237810094
500000,43,Context LR,0.1678273621865945,0.15737808739708675,0.020549077978996112
500000,43,Context LR,0.1734383745067339,0.1618112729575681,0.02044654289372599
500000,43,Context LR,0.17905647143838868,0.1662444585180494,0.02034962595449436
500000,43,Context LR,0.1846462299239821,0.17162761241291957,0.02037211050554407
500000,43,Context LR,0.19026432685563688,0.17574414186193793,0.020247345956003065
500000,43,Context LR,0.1958540853412303,0.1811272957568081,0.020271467555020024
500000,43,Context LR,0.20145801304985442,0.18587713742875236,0.020225338524618407
500000,43,Context LR,0.2070831945930245,0.18999366687777075,0.02011397921555481
500000,43,Context LR,0.21266586846710261,0.19569347688410385,0.02017234625930278
500000,43,Context LR,0.2182485423411807,0.20139328689043698,0.02022772088289549
500000,43,Context LR,0.22385955466132015,0.2058264724509183,0.020156288762093775
500000,43,Context LR,0.22947056698145957,0.21025965801139962,0.020088340291643976
500000,43,Context LR,0.23503907163250704,0.21659278024065864,0.020200826934435912
500000,43,Context LR,0.2406642531756771,0.220709309689677,0.020105575907923962
500000,43,Context LR,0.24619733476914793,0.2286257124762508,0.020353508302088912
500000,43,Context LR,0.251801262477772,0.23337555414819505,0.020314782656633314
500000,43,Context LR,0.25738393635185014,0.23907536415452818,0.02035863556694081
500000,43,Context LR,0.2629949486719896,0.2435085497150095,0.02029505687366393
500000,43,Context LR,0.268605960992129,0.24825839138695377,0.020259444932554653
500000,43,Context LR,0.2741886348662071,0.2539582013932869,0.020301741595787768
500000,43,Context LR,0.2797642241287699,0.25997466751108295,0.020367154552220292
500000,43,Context LR,0.2853185595567867,0.26694110196326787,0.0205029672147096
500000,43,Context LR,0.29090831804238015,0.2723242558581381,0.020514288440437
500000,43,Context LR,0.29653349958555025,0.27644078530715643,0.020431088955978376
500000,43,Context LR,0.302087835013567,0.28340721975934136,0.020558171586080164
500000,43,Context LR,0.30762091660703783,0.29132362254591515,0.02074829164881261
500000,43,Context LR,0.31315399820050865,0.2992400253324889,0.02093162336367865
500000,43,Context LR,0.31872958746307145,0.305256491450285,0.020977955737383848
500000,43,Context LR,0.32433351517169556,0.3103229892336922,0.020958083832335328
500000,43,Context LR,0.3298878505997124,0.31728942368587715,0.021065466930160197
500000,43,Context LR,0.33547760908530583,0.3226725775807473,0.02106590589597288
500000,43,Context LR,0.34103902912483797,0.3293223559214693,0.021147667656269062
500000,43,Context LR,0.3466358722219467,0.3343888537048765,0.02112676056338028
500000,43,Context LR,0.3521902076499635,0.34135528815706145,0.02122465052175625
500000,43,Context LR,0.357716204631919,0.3499050031665611,0.02141597379692618
500000,43,Context LR,0.36332721695205844,0.3543381887270424,0.02135373928973532
500000,43,Context LR,0.3688390447109833,0.3632045598480051,0.021556503599015203
500000,43,Context LR,0.3744146339735461,0.36922102596580114,0.021586596315838192
500000,43,Context LR,0.37996188479004755,0.37650411652944904,0.0216887689024279
500000,43,Context LR,0.38553747405261035,0.38283723875870806,0.021733659308262026
500000,43,Context LR,0.3911343171497191,0.38790373654211524,0.021706772513024063
500000,43,Context LR,0.39675241408137385,0.39202026599113365,0.021628232005590498
500000,43,Context LR,0.4023705110130286,0.396136795440152,0.0215518726527237
500000,43,Context LR,0.4079390156640761,0.40246991766941104,0.02159654727112078
500000,43,Context LR,0.4134650126460316,0.41101963267891073,0.021756985534454147
500000,43,Context LR,0.4190618557431403,0.4160861304623179,0.021731580253038948
500000,43,Context LR,0.42469412189782574,0.41956934768841037,0.021625238693672375
500000,43,Context LR,0.43026971116038853,0.42558581380620647,0.021650530792402985
500000,43,Context LR,0.4358807234805279,0.4300189993666878,0.02159566178458407
500000,43,Context LR,0.4414704819661214,0.4357188093730209,0.021604647511383263
500000,43,Context LR,0.44704607122868417,0.441735275490817,0.021629248325477548
500000,43,Context LR,0.4526074912682163,0.4483850538315389,0.021683868794217635
500000,43,Context LR,0.4582043343653251,0.45345155161494616,0.021661523567495615
500000,43,Context LR,0.46377283901637256,0.4597846738442052,0.021699494874017396
500000,43,Context LR,0.46935551289045063,0.4654844838505383,0.021707028942705257
500000,43,Context LR,0.4749452713760441,0.47118429385687144,0.021714068907146087
500000,43,Context LR,0.48051377602709155,0.47751741608613046,0.021750104567810423
500000,43,Context LR,0.4860964499011697,0.4832172260924636,0.021756797216954903
500000,43,Context LR,0.49168620838676314,0.48860037998733374,0.021749242370850658
500000,43,Context LR,0.4972476284262952,0.49525015832805575,0.021797605608284205
500000,43,Context LR,0.5028232176888581,0.5015832805573147,0.021830811213098485
500000,43,Context LR,0.5083775531168748,0.5085497150094996,0.021890845646366064
500000,43,Context LR,0.5139035500988304,0.5167827739075365,0.022003505460428743
500000,43,Context LR,0.5195145624189698,0.5212159594680177,0.021953691848058045
500000,43,Context LR,0.5250901516815325,0.5272324255858138,0.021970916576495737
500000,43,Context LR,0.5306657409440954,0.5335655478150728,0.022000548381621382
500000,43,Context LR,0.5361846533145355,0.5421152628245726,0.022120292008527682
500000,43,Context LR,0.5417248195195217,0.5497150094996833,0.022199204613751744
500000,43,Context LR,0.547378339508753,0.5522482583913869,0.02207399344361892
500000,43,Context LR,0.5529610133828311,0.55794806839772,0.022076604061994912
500000,43,Context LR,0.5585578564799399,0.5630145661811273,0.022054354432577927
500000,43,Context LR,0.564140530354018,0.5690310322989234,0.022069117972146488
500000,43,Context LR,0.5697373734511268,0.5740975300823306,0.02204737814962545
500000,43,Context LR,0.5753342165482356,0.5791640278657378,0.02202606035790843
500000,43,Context LR,0.580923975033829,0.5845471817606079,0.022017079337817852
500000,43,Context LR,0.5864712258503305,0.5918302723242559,0.02207914943886592
500000,43,Context LR,0.5920751535589546,0.5968967701076631,0.022057877060978035
500000,43,Context LR,0.5976507428215174,0.6029132362254591,0.02207203551928405
500000,43,Context LR,0.6032192474725648,0.6092463584547182,0.022097416991121985
500000,43,Context LR,0.6087239906199744,0.6184293856871438,0.02222475106685633
500000,43,Context LR,0.6143208337170831,0.623495883470551,0.022203177681803316
500000,43,Context LR,0.6198609999220692,0.6314122862571248,0.022282317182192025
500000,43,Context LR,0.6254153353500861,0.6383787207093097,0.022327064921257227
500000,43,Context LR,0.6310476015047715,0.6418619379354021,0.02225027442371021
500000,43,Context LR,0.6366515292133956,0.6466117796073464,0.022218353535133725
500000,43,Context LR,0.6422342030874737,0.6523115896136795,0.022219345931486754
500000,43,Context LR,0.6478664692421591,0.656111462951235,0.022155925533848736
500000,43,Context LR,0.6534774815622986,0.6605446485117162,0.022115027829313544
500000,43,Context LR,0.659067240047892,0.6659278024065864,0.022106358600245977
500000,43,Context LR,0.6646853369795467,0.6700443318556049,0.02205614100920396
500000,43,Context LR,0.6702396724075635,0.6770107663077898,0.022099790165696742
500000,43,Context LR,0.6758223462816416,0.6827105763141229,0.022101712985268942
500000,43,Context LR,0.6813837663211738,0.6896770107663078,0.02214404815161251
500000,43,Context LR,0.6869806094182825,0.694743508549715,0.022125410943708276
500000,43,Context LR,0.6925491140693301,0.7010766307789741,0.022147087067861716
500000,43,Context LR,0.6981459571664388,0.7061431285623813,0.022128723678726654
500000,43,Context LR,0.7036648695368789,0.7146928435718809,0.022218940736365426
500000,43,Context LR,0.7092971356915644,0.7184927169094364,0.022161016535302332
500000,43,Context LR,0.7149010634001884,0.7232425585813806,0.022133284234395745
500000,43,Context LR,0.720469568051236,0.7295756808106396,0.0221540591736459
500000,43,Context LR,0.7260593265368294,0.7349588347055098,0.022145889986164784
500000,43,Context LR,0.7316420004109074,0.740658644711843,0.022147314200225355
500000,43,Context LR,0.737210505061955,0.747308423052565,0.022176699430547463
500000,43,Context LR,0.7428002635475484,0.752691576947435,0.02216854435574125
500000,43,Context LR,0.7484254450907184,0.7564914502849905,0.022114227529389983
500000,43,Context LR,0.7540435420223732,0.7606079797340088,0.02206990334080635
500000,43,Context LR,0.75959787745039,0.7675744141861938,0.022108316156217507
500000,43,Context LR,0.7651663821014375,0.7742241925269158,0.02213691386974984
500000,43,Context LR,0.7707490559755156,0.7799240025332489,0.022138330861534314
500000,43,Context LR,0.7763175606265631,0.7862571247625079,0.022157574892246186
500000,43,Context LR,0.7818718960545799,0.7932235592146929,0.022194264045292247
500000,43,Context LR,0.7874333160941119,0.7998733375554148,0.02222163574463593
500000,43,Context LR,0.7930159899681901,0.8055731475617479,0.022222416338367735
500000,43,Context LR,0.7985349023386302,0.8144395186827106,0.02230973405270371
500000,43,Context LR,0.8041246608242237,0.8198226725775808,0.022301278296523445
500000,43,Context LR,0.8096931654752711,0.8261557948068398,0.02231860254238738
500000,43,Context LR,0.8152616701263187,0.8324889170360988,0.022335689526269284
500000,43,Context LR,0.8209010208925194,0.8356554781507283,0.022268163024217365
500000,43,Context LR,0.8265049486011434,0.8407219759341356,0.022251648968713594
500000,43,Context LR,0.8320876224752216,0.8464217859404687,0.022252191503708697
500000,43,Context LR,0.8377057194068763,0.850538315389487,0.022211380231375435
500000,43,Context LR,0.8432742240579237,0.8568714376187461,0.02222861132788434
500000,43,Context LR,0.8488356440974559,0.8635212159594681,0.02225377628712023
500000,43,Context LR,0.8544041487485033,0.87017099430019,0.02227843175406168
500000,43,Context LR,0.8599868226225815,0.8758708043065231,0.022278782802003964
500000,43,Context LR,0.8655482426621136,0.8825205826472451,0.02230313700384123
500000,43,Context LR,0.8710671550325538,0.8910702976567447,0.022374886694337102
500000,43,Context LR,0.8766710827411779,0.8958201393286891,0.022350914894289416
500000,43,Context LR,0.8822820950613173,0.9005699810006333,0.02232707118127792
500000,43,Context LR,0.8878860227699414,0.9053198226725776,0.022303701681163943
500000,43,Context LR,0.8934686966440195,0.9110196326789107,0.022303881666162755
500000,43,Context LR,0.8991151320217355,0.9138695376820772,0.022234720371040934
500000,43,Context LR,0.9046765520612677,0.9205193160227992,0.022258294219887752
500000,43,Context LR,0.9102875643814071,0.9249525015832806,0.02222831008530618
500000,43,Context LR,0.9159198305360926,0.928752374920836,0.022183396865734856
500000,43,Context LR,0.9214954197986553,0.934768841038632,0.022191817894784322
500000,43,Context LR,0.9271206013418254,0.9385687143761875,0.022147831544968168
500000,43,Context LR,0.9326891059928729,0.9449018366054465,0.022163792207020513
500000,43,Context LR,0.938271779866951,0.9506016466117796,0.02216479621972829
500000,43,Context LR,0.943918215244667,0.9537682077264091,0.022106908775973048
500000,43,Context LR,0.9495150583417759,0.9588347055098163,0.022093642605415423
500000,43,Context LR,0.9551119014388846,0.9639012032932236,0.02208053155760596
500000,43,Context LR,0.9607229137590241,0.9683343888537049,0.022053149677279775
500000,43,Context LR,0.9663126722446175,0.973717542748575,0.022047594123509547
500000,43,Context LR,0.9719732768453642,0.9762507916402786,0.021977786965882033
500000,43,Context LR,0.977548866107927,0.9822672577580748,0.02198690142043038
500000,43,Context LR,0.9831598784280664,0.986700443318556,0.021960673761364437
500000,43,Context LR,0.9888133984172978,0.9892336922102597,0.021892694959914784
500000,43,Context LR,0.9944244107374373,0.993666877770741,0.021867291048208386
500000,43,Context LR,1.0,1.0,0.021883597003651886
500000,44,Amount LR,7.08150099495089e-06,0.0,0.0
500000,44,Amount LR,0.0008214541154143032,0.0012734797835084368,0.03333333333333333
500000,44,Amount LR,0.0016641527338134591,0.0019102196752626551,0.024896265560165973
500000,44,Amount LR,0.0024785253482328116,0.003183699458771092,0.027777777777777776
500000,44,Amount LR,0.0033141424656370163,0.004138809296402419,0.02702702702702703
500000,44,Amount LR,0.004107270577071516,0.0066857688634192934,0.03494176372712146
500000,44,Amount LR,0.0049358061934807705,0.007640878701050621,0.033287101248266296
500000,44,Amount LR,0.005771423310884975,0.008595988538681949,0.032066508313539195
500000,44,Amount LR,0.006635366432268984,0.009232728430436167,0.030020703933747412
500000,44,Amount LR,0.007527635557632796,0.009869468322190385,0.0283363802559415
500000,44,Amount LR,0.008419904682996608,0.011461318051575931,0.029387755102040815
500000,44,Amount LR,0.009269684802390715,0.013371537726838587,0.031088082901554404
500000,44,Amount LR,0.010169035428749479,0.015281757402101241,0.03234501347708895
500000,44,Amount LR,0.01099048954416378,0.018147086914995225,0.035425730267246734
500000,44,Amount LR,0.011889840170522544,0.01878382680674944,0.03394706559263521
500000,44,Amount LR,0.012767946293896455,0.02037567653613499,0.03427959292983396
500000,44,Amount LR,0.013695622924235021,0.020694046482012098,0.03251625812906453
500000,44,Amount LR,0.014573729047608931,0.022922636103151862,0.03380281690140845
500000,44,Amount LR,0.015473079673967695,0.02451448583253741,0.03404067197170645
500000,44,Amount LR,0.016422000807291115,0.025151225724291626,0.0329441201000834
500000,44,Amount LR,0.01727886242768017,0.026424705507800062,0.03289734443123266
500000,44,Amount LR,0.018192376056028838,0.02737981534543139,0.03239171374764595
500000,44,Amount LR,0.019120052686367402,0.029290035020694046,0.0329512893982808
500000,44,Amount LR,0.020040647815711018,0.031200254695956702,0.03346994535519126
500000,44,Amount LR,0.02093291694107483,0.03279210442534225,0.03367113435763321
500000,44,Amount LR,0.021846430569423494,0.034383954154727794,0.03382398997807704
500000,44,Amount LR,0.02276702569876711,0.03693091372174467,0.03482437706394476
500000,44,Amount LR,0.023701783830100628,0.038204393505253106,0.03461205653302567
500000,44,Amount LR,0.024650704963424048,0.041069723018147083,0.03573407202216067
500000,44,Amount LR,0.02571293011266668,0.04170646290990131,0.03482190324295587
500000,44,Amount LR,0.026789318263899214,0.04234320280165552,0.0339632277834525
500000,44,Amount LR,0.027823217409162045,0.04425342247691818,0.03416912487708948
500000,44,Amount LR,0.028779220043480415,0.04680038204393505,0.03490857278556162
500000,44,Amount LR,0.029834363691728098,0.049665711556829036,0.035706111238269625
500000,44,Amount LR,0.03088950733997578,0.05157593123209169,0.03580901856763926
500000,44,Amount LR,0.031972976992203264,0.052849411015600124,0.035462508011108736
500000,44,Amount LR,0.03301395763846105,0.05348615090735435,0.034782608695652174
500000,44,Amount LR,0.03414699779765319,0.05507800063673989,0.034634634634634634
500000,44,Amount LR,0.03527295645585038,0.05603311047437122,0.034128369206903236
500000,44,Amount LR,0.036420159617032426,0.06017191977077364,0.0354463615903976
500000,44,Amount LR,0.03754611827522962,0.06176376950015919,0.03529839883551674
500000,44,Amount LR,0.03867207693342681,0.06335561922954473,0.03515901060070671
500000,44,Amount LR,0.03984760609858866,0.06462909901305317,0.03481989708404803
500000,44,Amount LR,0.04114352078066467,0.06653931868831582,0.03472337597607576
500000,44,Amount LR,0.04231904994582652,0.06940464820120981,0.03519535033903778
500000,44,Amount LR,0.04345209010501866,0.07290671760585801,0.035978004713275724
500000,44,Amount LR,0.04469843428013002,0.07545367717287488,0.03618873110398534
500000,44,Amount LR,0.045859800443301964,0.07736389684813753,0.03616609614525971
500000,44,Amount LR,0.047070737113438565,0.0795924864692773,0.0362476439031463
500000,44,Amount LR,0.04828875528457012,0.08086596625278573,0.03591121164993638
500000,44,Amount LR,0.04956342546366128,0.08245781598217128,0.03568476164232571
500000,44,Amount LR,0.050915992153696896,0.08373129576567973,0.035287803569032605
500000,44,Amount LR,0.05223315133875776,0.08532314549506527,0.03506017791732077
500000,44,Amount LR,0.053521984519838826,0.08564151544094238,0.03436821259741919
500000,44,Amount LR,0.054817899201914835,0.08787010506208214,0.03442684295871273
500000,44,Amount LR,0.0561350583869757,0.09041706462909901,0.03458774814273535
500000,44,Amount LR,0.05759384759193559,0.09232728430436167,0.03442953816929835
500000,44,Amount LR,0.05915885931181973,0.09423750397962433,0.03421965317919075
500000,44,Amount LR,0.06069554502772408,0.09582935370900987,0.03392696122633003
500000,44,Amount LR,0.06218974173765871,0.09933142311365807,0.03430833516604354
500000,44,Amount LR,0.06348565641973472,0.10124164278892073,0.03425616718733168
500000,44,Amount LR,0.06508607564459362,0.10474371219356893,0.03455882352941177
500000,44,Amount LR,0.06666525036646767,0.1069723018147087,0.03446153846153846
500000,44,Amount LR,0.06815944707640231,0.10920089143584846,0.03441011235955056
500000,44,Amount LR,0.06971029579429656,0.11206622094874244,0.0345233424872499
500000,44,Amount LR,0.0712611445121908,0.11270296084049666,0.0339829125467985
500000,44,Amount LR,0.07264911870720119,0.11524992040751353,0.034083419640335184
500000,44,Amount LR,0.07414331541713581,0.1174785100286533,0.03404373097149183
500000,44,Amount LR,0.07577914214696947,0.11970709964979306,0.03394420872077277
500000,44,Amount LR,0.07740788737580817,0.12161731932505572,0.03376646336073544
500000,44,Amount LR,0.0792065886285257,0.12352753900031838,0.033526311241683225
500000,44,Amount LR,0.08094155637228867,0.12607449856733524,0.0334855403348554
500000,44,Amount LR,0.08278982813197085,0.128303088188475,0.033322308582768315
500000,44,Amount LR,0.08449646987175402,0.13403374721426298,0.03408079009147576
500000,44,Amount LR,0.08624560061750688,0.13753581661891118,0.03425580842121957
500000,44,Amount LR,0.08810803537917897,0.14040114613180515,0.034231157339129084
500000,44,Amount LR,0.0898784106279167,0.1413562559694365,0.03380024360535932
500000,44,Amount LR,0.09175500839157869,0.1454950652658389,0.034068883256299386
500000,44,Amount LR,0.09380864368011443,0.1483603947787329,0.03398235251221469
500000,44,Amount LR,0.09584811596666029,0.1518624641833811,0.0340422495004282
500000,44,Amount LR,0.09785218074823139,0.15345431391276662,0.03370629370629371
500000,44,Amount LR,0.09979251202084793,0.15727475326329193,0.0338680926916221
500000,44,Amount LR,0.10205151083823727,0.15950334288443171,0.03359710300429185
500000,44,Amount LR,0.1041830426377175,0.16364215218083414,0.03375804544857481
500000,44,Amount LR,0.10646328595809168,0.16523400191021967,0.03336976789043914
500000,44,Amount LR,0.10877185528244566,0.16905444126074498,0.03341514064564848
500000,44,Amount LR,0.11119372862271887,0.17128303088188476,0.03312807881773399
500000,44,Amount LR,0.11348813494508296,0.17446673034065585,0.03306383492216725
500000,44,Amount LR,0.11585335627739655,0.17860553963705827,0.03315406890845695
500000,44,Amount LR,0.11838853363358898,0.18083412925819803,0.03285896100890894
500000,44,Amount LR,0.12100160750072586,0.18560967844635468,0.032993774759479344
500000,44,Amount LR,0.12339515483701925,0.18911174785100288,0.03296520339641489
500000,44,Amount LR,0.12600822870415612,0.19165870741801974,0.03272450532724505
500000,44,Amount LR,0.12868503608024756,0.19516077682266794,0.032632419483630555
500000,44,Amount LR,0.1314468214682784,0.1973893664438077,0.032321968512146804
500000,44,Amount LR,0.13444937789013758,0.201209805794333,0.0322153124681415
500000,44,Amount LR,0.13715451127020883,0.2078955746577523,0.03261575345886819
500000,44,Amount LR,0.1400579266781387,0.21203438395415472,0.032576795147720605
500000,44,Amount LR,0.14343580265273026,0.2174466730340656,0.03262011653453052
500000,44,Amount LR,0.1464029515696147,0.2212671123845909,0.03252374935654453
500000,44,Amount LR,0.14966044202729212,0.22699777141037886,0.03263605987092049
500000,44,Amount LR,0.15282587297203515,0.23209169054441262,0.03267593007619901
500000,44,Amount LR,0.15630288996055605,0.23686723973256923,0.03260869565217391
500000,44,Amount LR,0.15980115145206178,0.24164278892072588,0.032540192926045014
500000,44,Amount LR,0.1630728049117291,0.2492836676217765,0.032883961194405946
500000,44,Amount LR,0.1666206369101995,0.253740846864056,0.0327632985283236
500000,44,Amount LR,0.17052254395841743,0.2559694364851958,0.03230991801961099
500000,44,Amount LR,0.17450234751757981,0.2607449856733524,0.03216684340756451
500000,44,Amount LR,0.1784892325777372,0.2629735752944922,0.031731397180285045
500000,44,Amount LR,0.18228491711103084,0.2661572747532633,0.031455770026714826
500000,44,Amount LR,0.18658338821496603,0.2687042343202802,0.03103854074727861
500000,44,Amount LR,0.19073314779800726,0.27443489334606813,0.03101165635343215
500000,44,Amount LR,0.19514492291786167,0.2773002228589621,0.03063880681018714
500000,44,Amount LR,0.19996742509542323,0.279847182425979,0.030188549644537554
500000,44,Amount LR,0.20467662325706557,0.2843043616682585,0.02997046583434018
500000,44,Amount LR,0.20982487448039486,0.2874880611270296,0.029574558674221336
500000,44,Amount LR,0.21481733268183525,0.29162687042343205,0.029311062046014528
500000,44,Amount LR,0.22012137692705347,0.29512893982808025,0.02895879541407641
500000,44,Amount LR,0.22552456218620098,0.30308818847500796,0.029025275160828073
500000,44,Amount LR,0.2312322519881314,0.30754536771728747,0.028733751747523722
500000,44,Amount LR,0.23703908280399114,0.31359439668895256,0.028585524406523885
500000,44,Amount LR,0.24292381013079534,0.32059853549824896,0.028518025544447906
500000,44,Amount LR,0.24873772244765,0.32601082457815983,0.028327201305706935
500000,44,Amount LR,0.2551110733431058,0.33046800382043934,0.028006367536357015
500000,44,Amount LR,0.26117283819478376,0.335243553008596,0.027758738862234407
500000,44,Amount LR,0.2674541295773052,0.3419293218720153,0.02765048143761907
500000,44,Amount LR,0.2738558064767408,0.3473416109519261,0.027437567587958653
500000,44,Amount LR,0.2810081224816412,0.3517987901942057,0.027091965577267268
500000,44,Amount LR,0.28792674895370823,0.35912129894937916,0.02699404120898844
500000,44,Amount LR,0.2952631839844774,0.3635784781916587,0.026659196489016504
500000,44,Amount LR,0.30280498254410004,0.36962750716332377,0.026433824366476174
500000,44,Amount LR,0.31021223258481867,0.37567653613498886,0.026230382785755568
500000,44,Amount LR,0.3186321372678153,0.38172556510665395,0.025955751829241893
500000,44,Amount LR,0.3270166344458371,0.38809296402419613,0.025718384741972234
500000,44,Amount LR,0.33589683669350556,0.3970073225087552,0.025616269515201316
500000,44,Amount LR,0.3445716754123204,0.40464820120980577,0.025456147729776283
500000,44,Amount LR,0.35354393717292315,0.4180197389366444,0.025625512315078654
500000,44,Amount LR,0.36299065950018766,0.4294810569882203,0.02564248783454988
500000,44,Amount LR,0.37271356036625525,0.4399872652021649,0.02558595919576406
500000,44,Amount LR,0.3825001947412774,0.45113021330786374,0.025563312947628584
500000,44,Amount LR,0.3931082832317138,0.45877109200891436,0.025301564447878074
500000,44,Amount LR,0.4040775282728927,0.46609360076408785,0.025014950875694147
500000,44,Amount LR,0.4152733813459101,0.47978350843680356,0.025054448120500755
500000,44,Amount LR,0.4265471309298719,0.4883794969754855,0.024834865950006477
500000,44,Amount LR,0.4388618611600915,0.5004775549188156,0.024738374380360376
500000,44,Amount LR,0.4514031994221495,0.510347023241006,0.02453058288827337
500000,44,Amount LR,0.463873722674258,0.5183062718879338,0.02425036867114534
500000,44,Amount LR,0.4769886625169071,0.52753900031837,0.0240096212362709
500000,44,Amount LR,0.49043643290631883,0.5367717287488061,0.02376589326492064
500000,44,Amount LR,0.504394071367367,0.5466411970709965,0.02353860495722746
500000,44,Amount LR,0.5186208068662234,0.5587392550143266,0.02340280833700044
500000,44,Amount LR,0.5333290844327364,0.5727475326329194,0.02332970225127088
500000,44,Amount LR,0.548370192546012,0.5867558102515122,0.023246720484359232
500000,44,Amount LR,0.564091124754803,0.6010824578159821,0.023152860383837143
500000,44,Amount LR,0.5800740725004072,0.6147723654886978,0.02303059216411235
500000,44,Amount LR,0.5970767563892843,0.6338745622413244,0.023069079785878153
500000,44,Amount LR,0.6140227882702017,0.6497930595351799,0.022997442224701122
500000,44,Amount LR,0.6317973557675285,0.6644380770455269,0.02285745578007776
500000,44,Amount LR,0.6500534653325118,0.6825851639605222,0.02282307856078348
500000,44,Amount LR,0.6681042113686417,0.7045526902260426,0.022918867416475072
500000,44,Amount LR,0.6872030195520242,0.7179242279528812,0.022709648831283926
500000,44,Amount LR,0.7063797242463512,0.7328876154091054,0.022557127738799827
500000,44,Amount LR,0.725443124924759,0.7545367717287488,0.02261191466625959
500000,44,Amount LR,0.7454483652354953,0.7730022285896211,0.02254515065694786
500000,44,Amount LR,0.7660909406357772,0.7940146450175104,0.02253424409989519
500000,44,Amount LR,0.7872858731136652,0.8124801018783827,0.022439702093610136
500000,44,Amount LR,0.808225871555735,0.8306271887933779,0.022348617880607498
500000,44,Amount LR,0.8288188764490522,0.8468640560331104,0.022222222222222223
500000,44,Amount LR,0.8493977183403795,0.8650111429481057,0.022150118617676073
500000,44,Amount LR,0.8701111087506108,0.8806112702960841,0.02201580744525896
500000,44,Amount LR,0.8907607656518876,0.8990767271569564,0.021957686356532488
500000,44,Amount LR,0.9105110719268056,0.9181789239095829,0.021938232161874335
500000,44,Amount LR,0.9292133160544709,0.9337790512575613,0.02186358553857622
500000,44,Amount LR,0.9460035549134994,0.9506526583890481,0.021863605078565468
500000,44,Amount LR,0.9619369321521389,0.9627507163323782,0.021777016030303468
500000,44,Amount LR,0.9755121695594599,0.9745304043298313,0.02173758663788206
500000,44,Amount LR,0.9861060950479064,0.985354982489653,0.02174279572309724
500000,44,Amount LR,0.9937045456154887,0.9933142311365807,0.02175064833663311
500000,44,Amount LR,0.9981658912423077,0.9990448901623686,0.021777753102184716
500000,44,Amount LR,1.0,1.0,0.02175900910262272
500000,44,Context LR,7.08150099495089e-06,0.0,0.0
500000,44,Context LR,0.005608548788001105,0.004775549188156638,0.01858736059479554
500000,44,Context LR,0.0111462825660527,0.012416427889207259,0.02417854928704278
500000,44,Context LR,0.016768994356043707,0.016555237185609677,0.021487603305785124
500000,44,Context LR,0.02237046164304986,0.021330786373766317,0.020768753874767513
500000,44,Context LR,0.027993173433040867,0.025469595670168738,0.01983635011157947
500000,44,Context LR,0.03364421122701168,0.02801655523718561,0.018185575532134738
500000,44,Context LR,0.039281086018992585,0.03151862464183381,0.01753453772582359
500000,44,Context LR,0.04488963480699369,0.03597580388411334,0.017513949163050217
500000,44,Context LR,0.05048402059300489,0.041069723018147083,0.017773491319922844
500000,44,Context LR,0.05603591737304639,0.048392231773320596,0.01884686918784873
500000,44,Context LR,0.061623221658062645,0.05380452085323145,0.019050839815127944
500000,44,Context LR,0.06720344444208394,0.05985354982489653,0.01942550113659847
500000,44,Context LR,0.07275534122212544,0.06685768863419293,0.02003052270125906
500000,44,Context LR,0.07833556400614675,0.07290671760585801,0.020281640244442477
500000,44,Context LR,0.08390162378817814,0.07927411652340019,0.02058361577250558
500000,44,Context LR,0.08946060206921459,0.08627825533269659,0.021001239925604463
500000,44,Context LR,0.09506915085721569,0.09073543457497613,0.020787746170678335
500000,44,Context LR,0.10064229214024205,0.09678446354664119,0.020942408376963352
500000,44,Context LR,0.10625084092824315,0.10156001273479784,0.0208183776022972
500000,44,Context LR,0.11188771572022406,0.10474371219356893,0.020398040796081592
500000,44,Context LR,0.11746793850424536,0.11079274116523401,0.02054794520547945
500000,44,Context LR,0.12309065029423637,0.11461318051575932,0.020290835306053433
500000,44,Context LR,0.12869211758124252,0.11970709964979306,0.02027063453555448
500000,44,Context LR,0.13423693286028907,0.12702960840496658,0.02061482820976492
500000,44,Context LR,0.13983840014729523,0.1321235275390003,0.0205832754687035
500000,44,Context LR,0.14542570443231148,0.13753581661891118,0.02060282334986646
500000,44,Context LR,0.1510200902183227,0.1426297357529449,0.020574997703683293
500000,44,Context LR,0.15657906849935913,0.14963387456224134,0.020813958637792836
500000,44,Context LR,0.16215220978238548,0.1556829035339064,0.020909052037456705
500000,44,Context LR,0.16775367706939162,0.16077682266794013,0.02087294370505084
500000,44,Context LR,0.17333389985341294,0.16650748169372812,0.02092
500000,44,Context LR,0.17887871513245948,0.17414836039477874,0.02119579958925873
500000,44,Context LR,0.18441644891051107,0.18178923909582936,0.021455679555104648
500000,44,Context LR,0.18998250869254246,0.18847500795924865,0.02159008023340627
500000,44,Context LR,0.19553440547258397,0.19547914676854505,0.02175299369375753
500000,44,Context LR,0.20114295426058507,0.1999363260108246,0.021631303389363463
500000,44,Context LR,0.2066877695396316,0.2075772047118752,0.02185059821039579
500000,44,Context LR,0.21226799232365293,0.21330786373766317,0.02186327296459455
500000,44,Context LR,0.21784821510767421,0.21935689270932823,0.021906397049472212
500000,44,Context LR,0.22342843789169553,0.22508755173511621,0.021917043834087668
500000,44,Context LR,0.22898741617273197,0.23209169054441262,0.022047482231967338
500000,44,Context LR,0.23457472045774821,0.23750397962432346,0.022024740928818162
500000,44,Context LR,0.24016910624375942,0.24259789875835722,0.021974219223116185
500000,44,Context LR,0.24579889953474537,0.24641833810888253,0.02181264795400744
500000,44,Context LR,0.2513083073088172,0.2553326965934416,0.022099751997795535
500000,44,Context LR,0.2568743670908486,0.26201846545686086,0.02218508235167264
500000,44,Context LR,0.26236961186293045,0.27156956383317415,0.022504814922301664
500000,44,Context LR,0.267921508642972,0.27889207258834764,0.02262981141823818
500000,44,Context LR,0.2734379979180387,0.2874880611270296,0.02285150318858184
500000,44,Context LR,0.2790465467060398,0.2922636103151863,0.02276616323190239
500000,44,Context LR,0.28460552498707625,0.29894937917860553,0.022830606141651874
500000,44,Context LR,0.29018574777109757,0.3046800382043935,0.02282103255037558
500000,44,Context LR,0.29570223704616433,0.31359439668895256,0.02304524823358757
500000,44,Context LR,0.3012824598301856,0.3193250557147405,0.023032056581243684
500000,44,Context LR,0.3068768456161968,0.3247373447946514,0.022996280013527222
500000,44,Context LR,0.3124287423962383,0.3317414836039478,0.023073005469320874
500000,44,Context LR,0.3179948021782697,0.3384272524673671,0.02312478245736164
500000,44,Context LR,0.32359626946527587,0.3432028016555237,0.02304699191858725
500000,44,Context LR,0.3292118997542719,0.34765998089780326,0.022950337319518295
500000,44,Context LR,0.33484169304525785,0.35116205030245146,0.02279537892409118
500000,44,Context LR,0.3403935898252994,0.35816618911174786,0.022869107393328317
500000,44,Context LR,0.34599505711230555,0.3632601082457816,0.02282
500000,44,Context LR,0.351546953892347,0.370264247055078,0.022890997126323663
500000,44,Context LR,0.35719799168631783,0.37312957656797197,0.02270745742351733
500000,44,Context LR,0.36282070347630885,0.3769500159184973,0.02258722982124802
500000,44,Context LR,0.3683726002563503,0.3842725246736708,0.022676887235561567
500000,44,Context LR,0.3739811490443514,0.38872970391595035,0.02259771986970684
500000,44,Context LR,0.3795967793333475,0.39318688315822986,0.022520469009281716
500000,44,Context LR,0.3852194911233385,0.3970073225087552,0.022409920028753708
500000,44,Context LR,0.3908067954083548,0.402419611588666,0.022391100246231244
500000,44,Context LR,0.3963728551903862,0.40910538045208533,0.022442278808201474
500000,44,Context LR,0.40195307797440744,0.4148360394778733,0.02244075502893359
500000,44,Context LR,0.40751913775643883,0.4215218083412926,0.022489850690492773
500000,44,Context LR,0.41312768654444,0.4259789875835721,0.022420698091391994
500000,44,Context LR,0.4186937463264714,0.4326647564469914,0.022468752066662257
500000,44,Context LR,0.4242173171025331,0.4409423750397962,0.022597487355196608
500000,44,Context LR,0.42978337688456447,0.44730977395733845,0.022626256119556817
500000,44,Context LR,0.43539192567256557,0.45208532314549504,0.022574440010810295
500000,44,Context LR,0.4409650669555919,0.45813435211716014,0.022587075609411544
500000,44,Context LR,0.446580697244588,0.46259153135943964,0.022521545043090088
500000,44,Context LR,0.4521467570266194,0.4689589302769819,0.022549830072563608
500000,44,Context LR,0.4577482243136255,0.4740528494110156,0.022516596349559194
500000,44,Context LR,0.4632717950896872,0.48233046800382046,0.02263389855830283
500000,44,Context LR,0.4688520178737085,0.4883794969754855,0.022644740338342535
500000,44,Context LR,0.4744251591567349,0.4944285259471506,0.022655657349594446
500000,44,Context LR,0.4799841374377713,0.5011142948105699,0.022695158174005824
500000,44,Context LR,0.48552895271681784,0.5087551735116205,0.022776186200310713
500000,44,Context LR,0.4911162570018341,0.5141674625915313,0.022757056096495556
500000,44,Context LR,0.4967389687918251,0.5183062718879338,0.02268230835678658
500000,44,Context LR,0.502234213563907,0.5278573702642471,0.022843758611187655
500000,44,Context LR,0.5078285993499182,0.5332696593441579,0.022824205922029786
500000,44,Context LR,0.5134229851359294,0.5383635784781916,0.022791907592360466
500000,44,Context LR,0.5189961264189558,0.5447309773957338,0.022813333333333335
500000,44,Context LR,0.5245975937059619,0.5495065265838904,0.022768646281296996
500000,44,Context LR,0.5301565719869984,0.5561922954473097,0.022803216206338434
500000,44,Context LR,0.5357509577730095,0.5616045845272206,0.022785104431728646
500000,44,Context LR,0.5413311805570309,0.5673352435530086,0.022780441035474594
500000,44,Context LR,0.5469043218400572,0.5737026424705508,0.02280089077841887
500000,44,Context LR,0.5525341151310432,0.577204711875199,0.02270848468148
500000,44,Context LR,0.5581285009170543,0.5826170009551098,0.022692045384090767
500000,44,Context LR,0.5636803976970959,0.5896211397644062,0.02273759683736234
500000,44,Context LR,0.5692535389801222,0.5959885386819485,0.022757664907972475
500000,44,Context LR,0.5748266802631485,0.6020375676536135,0.022765578349224696
500000,44,Context LR,0.5803927400451799,0.6084049665711557,0.022785262906879693
500000,44,Context LR,0.5859871258311912,0.6138172556510665,0.022768874664903103
500000,44,Context LR,0.5915602671142175,0.6198662846227316,0.022776458477124107
500000,44,Context LR,0.5971475713992338,0.6255969436485196,0.02277204774597288
500000,44,Context LR,0.60273487568425,0.6310092327284305,0.022756498576283642
500000,44,Context LR,0.6083080169672764,0.6373766316459726,0.02277510437641491
500000,44,Context LR,0.6139024027532876,0.6424705507800064,0.022748537352467055
500000,44,Context LR,0.6194542995333291,0.6494746895893028,0.02278947662402949
500000,44,Context LR,0.6250345223173503,0.6555237185609678,0.022796217975686987
500000,44,Context LR,0.6306289081033616,0.6606176376950016,0.022770169432007725
500000,44,Context LR,0.6361666418814131,0.6685768863419294,0.022842225485397293
500000,44,Context LR,0.6417256201624496,0.6752626552053486,0.022870143733623748
500000,44,Context LR,0.6473129244474659,0.6809933142311366,0.022865267028691152
500000,44,Context LR,0.6529285547364619,0.685132123527539,0.022807724102846726
500000,44,Context LR,0.6585158590214782,0.690862782553327,0.022803459400384612
500000,44,Context LR,0.6641244078094793,0.6953199617956065,0.02275782300165682
500000,44,Context LR,0.6697117120944955,0.7007322508755174,0.022743947175348497
500000,44,Context LR,0.6753415053854815,0.7045526902260426,0.02267882762861242
500000,44,Context LR,0.6809217281695028,0.7102833492518307,0.022675990486451324
500000,44,Context LR,0.6865090324545191,0.7160140082776186,0.022672970874960934
500000,44,Context LR,0.6920750922365505,0.7223814071951608,0.022690226902269024
500000,44,Context LR,0.6976836410245516,0.7271569563833175,0.022657381505069144
500000,44,Context LR,0.7033134343155375,0.7306590257879656,0.022585915049403615
500000,44,Context LR,0.708865331095579,0.7379815345431391,0.022632519356759976
500000,44,Context LR,0.7144597168815903,0.7430754536771729,0.022610801646887866
500000,44,Context LR,0.7200399396656115,0.7488061127029608,0.02260864549989907
500000,44,Context LR,0.7256130809486379,0.7551735116205031,0.022625383925675806
500000,44,Context LR,0.7312499557406188,0.7583572110792741,0.02254742342205899
500000,44,Context LR,0.7368585045286199,0.7631327602674307,0.022517402372922754
500000,44,Context LR,0.7424387273126412,0.7688634192932188,0.022516012940880317
500000,44,Context LR,0.7480543576016372,0.7733205985354983,0.022477420787681373
500000,44,Context LR,0.7536841508926232,0.7768226679401464,0.022412051070083587
500000,44,Context LR,0.7592077216686849,0.7854186564788284,0.0224933212979932
500000,44,Context LR,0.7647596184487264,0.7924227952881248,0.02252835277825548
500000,44,Context LR,0.7703823302387174,0.7962432346386501,0.022473020693869115
500000,44,Context LR,0.7760192050306983,0.7997453040432984,0.022409363402797602
500000,44,Context LR,0.7815923463137247,0.8057943330149634,0.022417671963295603
500000,44,Context LR,0.787179650598741,0.8115249920407513,0.02241687113596989
500000,44,Context LR,0.7927457103807724,0.8178923909582936,0.022433742304501594
500000,44,Context LR,0.7983755036717582,0.8217128303088188,0.02238081198730511
500000,44,Context LR,0.8039769709587644,0.8264883794969755,0.02235464315238358
500000,44,Context LR,0.8095855197467655,0.830945558739255,0.022320283236697623
500000,44,Context LR,0.8151515795287969,0.8376313276026743,0.022345656992891177
500000,44,Context LR,0.8207884543207778,0.8408150270614454,0.022278083797987295
500000,44,Context LR,0.8264324106137537,0.8439987265202165,0.02221123716004491
500000,44,Context LR,0.8320409594017548,0.848455905762496,0.022178761651131824
500000,44,Context LR,0.8376565896907509,0.8529130850047756,0.022146535832086436
500000,44,Context LR,0.8432509754767621,0.8580070041388093,0.0221313427442865
500000,44,Context LR,0.8488595242647632,0.862782553326966,0.022108011094795234
500000,44,Context LR,0.8544397470487844,0.8685132123527539,0.022109477574441184
500000,44,Context LR,0.8600270513338008,0.8739255014326648,0.022102872970883793
500000,44,Context LR,0.8656143556188169,0.8796561604584527,0.022104176833414667
500000,44,Context LR,0.871222904406818,0.8841133397007322,0.022073844441794842
500000,44,Context LR,0.8768031271908394,0.8901623686723973,0.022083214861150603
500000,44,Context LR,0.8823691869728708,0.8965297675899395,0.022100488157089267
500000,44,Context LR,0.8879777357608719,0.9013053167780961,0.022078377851433028
500000,44,Context LR,0.893586284548873,0.9057624960203757,0.02204896497740853
500000,44,Context LR,0.8991665073328943,0.9118115249920408,0.022058257212834456
500000,44,Context LR,0.9047467301169155,0.9175421840178287,0.022059949174856864
500000,44,Context LR,0.9103552789049166,0.9219993632601082,0.02203119056675542
500000,44,Context LR,0.9159638276929178,0.9267749124482649,0.02201017715508442
500000,44,Context LR,0.9215723764809189,0.9312320916905444,0.021982068644176067
500000,44,Context LR,0.9272163327738947,0.9344157911493155,0.021924254874131622
500000,44,Context LR,0.9328248815618959,0.938872970391595,0.0218969972378152
500000,44,Context LR,0.9383980228449222,0.9452403693091372,0.021914188495973666
500000,44,Context LR,0.9439711641279486,0.9512893982808023,0.021923999735855425
500000,44,Context LR,0.9495513869119698,0.9573384272524673,0.021933535624671763
500000,44,Context LR,0.9551457726979811,0.9624323463865011,0.021921364447216138
500000,44,Context LR,0.9607755659889671,0.9659344157911494,0.021873287769991638
500000,44,Context LR,0.966405359279953,0.9697548551416746,0.02183277783750851
500000,44,Context LR,0.9720068265669591,0.9745304043298313,0.021814268712452164
500000,44,Context LR,0.9775799678499855,0.9808978032473734,0.021831245394252026
500000,44,Context LR,0.9831885166379866,0.985354982489653,0.021805909789056884
500000,44,Context LR,0.9888112284279776,0.9894937917860553,0.02177370201974205
500000,44,Context LR,0.9944126957149837,0.994269340974212,0.02175594056302117
500000,44,Context LR,1.0,1.0,0.02175900910262272
500000,45,Amount LR,7.096879502082934e-06,0.0,0.0
500000,45,Amount LR,0.0008374317812457862,0.0006261740763932373,0.016666666666666666
500000,45,Amount LR,0.0016677666829894896,0.0012523481527864746,0.016736401673640166
500000,45,Amount LR,0.0025122953437373588,0.0015654351909830933,0.013927576601671309
500000,45,Amount LR,0.0033284364864768962,0.0034439574201628053,0.022916666666666665
500000,45,Amount LR,0.004158771388220599,0.004070131496556042,0.021702838063439065
500000,45,Amount LR,0.004989106289964303,0.005635566687539136,0.024965325936199722
500000,45,Amount LR,0.005854925589218421,0.006261740763932373,0.023668639053254437
500000,45,Amount LR,0.006727841767974621,0.0068879148403256105,0.02268041237113402
500000,45,Amount LR,0.007565273549220408,0.008766437069505322,0.025594149908592323
500000,45,Amount LR,0.008438189727976608,0.010331872260488416,0.027004909983633387
500000,45,Amount LR,0.009296912147728644,0.012836568566061366,0.030347890451517395
500000,45,Amount LR,0.010162731446982761,0.014088916718847839,0.03046716316858497
500000,45,Amount LR,0.01107822890275146,0.015967438948027553,0.03163771712158809
500000,45,Amount LR,0.011986629479018076,0.016906700062617408,0.03098106712564544
500000,45,Amount LR,0.01281696438076178,0.019411396368190358,0.033190578158458245
500000,45,Amount LR,0.013682783680015896,0.022229179711959923,0.03551775887943972
500000,45,Amount LR,0.01463376553329501,0.023168440826549782,0.03464419475655431
500000,45,Amount LR,0.015556359868565791,0.025360050093926112,0.03563572371315442
500000,45,Amount LR,0.01646476044483241,0.026299311208515967,0.03494176372712146
500000,45,Amount LR,0.01740864541860944,0.027551659361302442,0.03463203463203463
500000,45,Amount LR,0.018366724151390634,0.028804007514088917,0.034328358208955224
500000,45,Amount LR,0.01930351224566558,0.029743268628678772,0.03374777975133215
500000,45,Amount LR,0.020261590978446778,0.031934877896055106,0.034494420020290836
500000,45,Amount LR,0.02123386347023214,0.033813400125234816,0.03483870967741935
500000,45,Amount LR,0.02219903908251542,0.03475266123982467,0.03426983636924977
500000,45,Amount LR,0.023185505333304945,0.03600500939261114,0.03400354819633353
500000,45,Amount LR,0.024207455981604887,0.03725735754539762,0.033711048158640226
500000,45,Amount LR,0.025236503509406913,0.040075140889167186,0.03474484256243214
500000,45,Amount LR,0.026286841675715187,0.041327489041953665,0.03441084462982273
500000,45,Amount LR,0.027266211047002633,0.04414527238572323,0.035400451920662816
500000,45,Amount LR,0.028266871056796327,0.046336881653099564,0.03582667634955217
500000,45,Amount LR,0.029310112343602517,0.04852849092047589,0.03617269544924154
500000,45,Amount LR,0.03033206299190246,0.05103318722604884,0.03673653369393735
500000,45,Amount LR,0.03131852924269199,0.05353788353162179,0.037303664921465966
500000,45,Amount LR,0.03233338301148985,0.055103318722604884,0.037193575655114115
500000,45,Amount LR,0.03351146500883562,0.056981840951784594,0.03711256117455139
500000,45,Amount LR,0.03452631877763347,0.05792110206637445,0.03663366336633663
500000,45,Amount LR,0.035548269425933414,0.059486537257357544,0.03654548951721485
500000,45,Amount LR,0.036683770146266684,0.06230432060112712,0.0370715350223547
500000,45,Amount LR,0.03781217398709787,0.06418284283030683,0.037050424724380984
500000,45,Amount LR,0.038933480948426975,0.06731371321227302,0.03771268198561656
500000,45,Amount LR,0.040068981668760245,0.06981840951784596,0.03799625149088431
500000,45,Amount LR,0.041197385509591435,0.07138384470882905,0.03779214321233217
500000,45,Amount LR,0.042339983109426785,0.07294927989981215,0.03758670753347314
500000,45,Amount LR,0.04351806510677255,0.07451471509079524,0.03736263736263736
500000,45,Amount LR,0.04467485646561207,0.07670632435817157,0.03746177370030581
500000,45,Amount LR,0.045952294775987,0.07858484658735128,0.03731787094855783
500000,45,Amount LR,0.047272314363374424,0.08140262993112085,0.03756682560323653
500000,45,Amount LR,0.04855684955325144,0.08296806512210395,0.0372871816518925
500000,45,Amount LR,0.04975622218910345,0.08422041327489042,0.03695054945054945
500000,45,Amount LR,0.05093430418644922,0.08672510958046337,0.037161255701636704
500000,45,Amount LR,0.05248852079740538,0.08766437069505323,0.03647733194372069
500000,45,Amount LR,0.0539362842158303,0.08985597996242956,0.03638899454799036
500000,45,Amount LR,0.0551853350081969,0.09110832811521603,0.0360728895500186
500000,45,Amount LR,0.056533742113592654,0.09267376330619913,0.03582667634955217
500000,45,Amount LR,0.05787505233948633,0.09486537257357545,0.03582407188460629
500000,45,Amount LR,0.059358300155421664,0.09674389480275516,0.03562781044621238
500000,45,Amount LR,0.06074219165832783,0.09893550407013149,0.0356056338028169
500000,45,Amount LR,0.062218342594761084,0.10050093926111459,0.035321302816901406
500000,45,Amount LR,0.063751268567211,0.10331872260488416,0.03543433909588747
500000,45,Amount LR,0.06510677255210884,0.10676268002504696,0.035838150289017344
500000,45,Amount LR,0.06654034221152959,0.10801502817783344,0.035490175907828415
500000,45,Amount LR,0.06818681825601283,0.11051972448340638,0.03543820901515912
500000,45,Amount LR,0.06974813174647107,0.11302442078897934,0.03543036608106782
500000,45,Amount LR,0.07133783275493766,0.11615529117094553,0.035594358629952985
500000,45,Amount LR,0.07286366184788548,0.1192861615529117,0.03578136739293764
500000,45,Amount LR,0.07447465349485831,0.12273011897307451,0.036009553555024804
500000,45,Amount LR,0.07605016074432072,0.12492172824045085,0.035897435897435895
500000,45,Amount LR,0.07771792742731021,0.12805259862241702,0.036003521126760564
500000,45,Amount LR,0.07949924418233303,0.1308703819661866,0.035972461273666094
500000,45,Amount LR,0.08113862334731418,0.13306199123356294,0.03584078259402935
500000,45,Amount LR,0.08299800577685991,0.13650594865372573,0.035940977660539115
500000,45,Amount LR,0.08484319444740147,0.13994990607388855,0.036042573778422834
500000,45,Amount LR,0.08663160808192638,0.14370695053224797,0.03623874940786357
500000,45,Amount LR,0.0885761530654971,0.14715090795241076,0.03629063392788202
500000,45,Amount LR,0.0902865010254991,0.1493425172197871,0.036139101447079325
500000,45,Amount LR,0.09221685225006565,0.15309956167814653,0.03626789290217311
500000,45,Amount LR,0.09411171907712179,0.15623043206011272,0.03626453488372093
500000,45,Amount LR,0.09619110477123209,0.15873512836568565,0.036057179432472795
500000,45,Amount LR,0.09834145926036322,0.16092673763306198,0.03576647414932851
500000,45,Amount LR,0.10038536055696311,0.16186599874765184,0.03526121947892511
500000,45,Amount LR,0.10257829632310674,0.16405760801502817,0.03498464414474563
500000,45,Amount LR,0.10460090698120036,0.16656230432060112,0.034837273263047606
500000,45,Amount LR,0.10674416459082942,0.1728240450845335,0.035400500224459695
500000,45,Amount LR,0.10896548787498136,0.17407639323731997,0.0349465744814582
500000,45,Amount LR,0.11126487683365624,0.18002504696305574,0.03537808404602227
500000,45,Amount LR,0.11354297515382486,0.18378209142141516,0.0353912938622935
500000,45,Amount LR,0.1159843017025414,0.18785222291797118,0.03541285486631647
500000,45,Amount LR,0.11839724073324959,0.191296180338134,0.03533017231409737
500000,45,Amount LR,0.12095921423350153,0.1944270507201002,0.03515425983583357
500000,45,Amount LR,0.12358505964927222,0.19881026925485284,0.03518200454318799
500000,45,Amount LR,0.1262960676190679,0.2028804007514089,0.03513337670787248
500000,45,Amount LR,0.1290780443838844,0.20757670632435818,0.03517054798153944
500000,45,Amount LR,0.13178905235368008,0.21195992485911083,0.03517431287992934
500000,45,Amount LR,0.13447167280546743,0.21571696931747025,0.03508682588990172
500000,45,Amount LR,0.13728203708829229,0.2197871008140263,0.03501945525291829
500000,45,Amount LR,0.14010659513012128,0.22385723231058235,0.03495136139218849
500000,45,Amount LR,0.14312986579800863,0.22886662492172824,0.034977750131585245
500000,45,Amount LR,0.14626668653792926,0.2329367564182843,0.03484124754144423
500000,45,Amount LR,0.14929705408531868,0.23888541014402004,0.035
500000,45,Amount LR,0.15268936248731432,0.24358171571696932,0.03489884717175795
500000,45,Amount LR,0.15603908961229748,0.25046963055729493,0.03510773686751218
500000,45,Amount LR,0.15954494808632644,0.2582968065122104,0.03539860980005149
500000,45,Amount LR,0.1628804814523054,0.26393237319974955,0.03542909977305203
500000,45,Amount LR,0.16676247453994478,0.2683155917345022,0.035187846438103056
500000,45,Amount LR,0.17065156450708624,0.271759549154665,0.034839849080838085
500000,45,Amount LR,0.17454065447422767,0.2752035065748278,0.03450712519137911
500000,45,Amount LR,0.17848651947738578,0.27864746399499063,0.03417818740399386
500000,45,Amount LR,0.18258851582958974,0.2817783343769568,0.0337990085624155
500000,45,Amount LR,0.18702406551839157,0.28616155291170947,0.033520372611581764
500000,45,Amount LR,0.1912112244246205,0.2936756418284283,0.03364298267637459
500000,45,Amount LR,0.19585258361898272,0.2971195992485911,0.0332445876830379
500000,45,Amount LR,0.20020297075375956,0.30087664370695055,0.03294367693942614
500000,45,Amount LR,0.20492949250214682,0.3055729492798998,0.03269462682567332
500000,45,Amount LR,0.20985472687659237,0.30964308077645586,0.032363624464151315
500000,45,Amount LR,0.21460963614298792,0.3137132122730119,0.032072210485884385
500000,45,Amount LR,0.21970519562548346,0.3190356919223544,0.03186665415767583
500000,45,Amount LR,0.22495688645702486,0.3224796493425172,0.031471522855047666
500000,45,Amount LR,0.2305492275046662,0.32811521603005633,0.03125186378004413
500000,45,Amount LR,0.23629769990135338,0.33343769567939885,0.030994441372486248
500000,45,Amount LR,0.24221649740609055,0.3393863494051346,0.03078321122280911
500000,45,Amount LR,0.2481423917903298,0.34502191609267374,0.030554246263897748
500000,45,Amount LR,0.254231514403117,0.3512836568566061,0.030369468128298823
500000,45,Amount LR,0.2610587124841207,0.35566687539135877,0.02995701590147939
500000,45,Amount LR,0.2673039664459537,0.3638071383844709,0.029927627681767842
500000,45,Amount LR,0.27371954551583666,0.3688165309956168,0.029637456914987294
500000,45,Amount LR,0.28046867792231756,0.37570444583594237,0.029469548133595286
500000,45,Amount LR,0.2876578168579276,0.3797745773324984,0.029056676088727064
500000,45,Amount LR,0.2952443810456542,0.38447088290544773,0.028671491944898434
500000,45,Amount LR,0.302752879558858,0.3907326236693801,0.028423066411587865
500000,45,Amount LR,0.3107226752396971,0.3976205385097057,0.028189021818746808
500000,45,Amount LR,0.31877053659505916,0.4057608015028178,0.028044056867115315
500000,45,Amount LR,0.327144854407517,0.41358797745773324,0.027858619089797122
500000,45,Amount LR,0.33539852526843944,0.4245460237946149,0.02789205199934178
500000,45,Amount LR,0.34438317471807645,0.4317470256731371,0.027632501753331328
500000,45,Amount LR,0.3534033085652239,0.4402003757044458,0.027459328554967483
500000,45,Amount LR,0.36255118624340876,0.4489668127739512,0.027303884234577303
500000,45,Amount LR,0.37262875513636656,0.45522855353788355,0.026945885841363974
500000,45,Amount LR,0.3827843897038472,0.46399499060738886,0.02674173117522871
500000,45,Amount LR,0.39300389618684667,0.4746399499060739,0.026646511873165416
500000,45,Amount LR,0.4045292284982293,0.48215403882279273,0.026306349396149706
500000,45,Amount LR,0.4158984294605662,0.48935504070131497,0.025978127181464614
500000,45,Amount LR,0.42731730857941763,0.5006261740763932,0.025869181860833833
500000,45,Amount LR,0.43932522869694196,0.5112711333750782,0.025701559721107388
500000,45,Amount LR,0.4515318614405246,0.5212899185973701,0.025501998805311767
500000,45,Amount LR,0.46423527574925305,0.5316217908578584,0.025300989390868996
500000,45,Amount LR,0.4769386900579815,0.5403882279273639,0.025039895546206295
500000,45,Amount LR,0.4904085673529349,0.5513462742642454,0.02485076838406503
500000,45,Amount LR,0.503857154009382,0.5676268002504696,0.024900425765691524
500000,45,Amount LR,0.5182709162781125,0.5788979336255479,0.02469383121652844
500000,45,Amount LR,0.5332666226660138,0.5992485911083281,0.024839400428265525
500000,45,Amount LR,0.5485887855110108,0.613337507827176,0.024716435988342018
500000,45,Amount LR,0.5638541733199912,0.6252348152786474,0.02451871132501719
500000,45,Amount LR,0.5799924773077277,0.6421415153412648,0.024481951871657755
500000,45,Amount LR,0.5968546630046768,0.6559173450219161,0.024305072161121166
500000,45,Amount LR,0.61407169267673,0.6734502191609267,0.024256298067164346
500000,45,Amount LR,0.6311609785177458,0.6900438321853475,0.024182841593609762
500000,45,Amount LR,0.6492864087660656,0.7082028804007514,0.024127742637411867
500000,45,Amount LR,0.6683486271086603,0.724170319348779,0.023971892877870823
500000,45,Amount LR,0.6882340834734967,0.7385723231058234,0.023747684625916084
500000,45,Amount LR,0.7077930833812373,0.7529743268628679,0.02354657424269126
500000,45,Amount LR,0.7277637023000987,0.7730118973074515,0.023510703130951473
500000,45,Amount LR,0.7480962620735663,0.7914840325610519,0.02342041875115805
500000,45,Amount LR,0.7686701157501047,0.8065122103944896,0.02323085663783852
500000,45,Amount LR,0.7893362288601702,0.8268628678772699,0.02319433710391344
500000,45,Amount LR,0.8096900792721441,0.8469004383218535,0.023160039727387925
500000,45,Amount LR,0.8308955552243679,0.8653725735754539,0.02306350808975076
500000,45,Amount LR,0.8512635993953459,0.8832185347526612,0.022977926203469903
500000,45,Amount LR,0.8715677716508051,0.8976205385097057,0.02281244778280831
500000,45,Amount LR,0.8921487222068456,0.9148403256105198,0.02271596492319174
500000,45,Amount LR,0.9106502870687758,0.9323731997495304,0.022681747210480215
500000,45,Amount LR,0.9295350834238185,0.9455228553537883,0.02253764981566889
500000,45,Amount LR,0.9463972691207676,0.9621164683782092,0.022524866778570223
500000,45,Amount LR,0.9622233104104125,0.9724483406386976,0.022395270026678203
500000,45,Amount LR,0.9752957624532493,0.9824671258609894,0.022324350473805526
500000,45,Amount LR,0.9858417253933446,0.9915466499686914,0.022290415895382148
500000,45,Amount LR,0.9934211927015691,0.9971822166562304,0.022247057590891628
500000,45,Amount LR,0.9981406175704542,0.9990607388854101,0.022184988459078396
500000,45,Amount LR,1.0,1.0,0.02216500926433543
500000,45,Context LR,7.096879502082934e-06,0.0,0.0
500000,45,Context LR,0.005549759770628855,0.007514088916718848,0.02977667493796526
500000,45,Context LR,0.01109951954125771,0.014715090795241076,0.029174425822470516
500000,45,Context LR,0.01670605434790323,0.019411396368190358,0.02566225165562914
500000,45,Context LR,0.022312589154548746,0.024107701941139637,0.02390561937286557
500000,45,Context LR,0.027919123961194264,0.028804007514088917,0.022851465474416296
500000,45,Context LR,0.0335185618883377,0.033813400125234816,0.022355619954460774
500000,45,Context LR,0.03905412789996238,0.04164057608015028,0.02359829666430092
500000,45,Context LR,0.04456130639357874,0.050720100187852224,0.025151374010246856
500000,45,Context LR,0.05016784120022426,0.0554164057608015,0.02442727021805134
500000,45,Context LR,0.05573889160935937,0.06167814652473388,0.024469010060862006
500000,45,Context LR,0.06132413577749864,0.06731371321227302,0.0242773261065944
500000,45,Context LR,0.06690228306613583,0.07326236693800876,0.024221095124728288
500000,45,Context LR,0.07245204283676468,0.08046336881653099,0.024555704184979935
500000,45,Context LR,0.07802309324589977,0.08672510958046337,0.024576346375654333
500000,45,Context LR,0.08360124053453696,0.09267376330619913,0.024511427625041403
500000,45,Context LR,0.0891580971846679,0.09956167814652474,0.024687524260538777
500000,45,Context LR,0.09478592262981966,0.10331872260488416,0.024112231477422183
500000,45,Context LR,0.10039245743646519,0.10801502817783344,0.02380788075357118
500000,45,Context LR,0.10597770160460446,0.11365059486537257,0.023731694560669456
500000,45,Context LR,0.11154875201373955,0.11991233562930495,0.0237873424010931
500000,45,Context LR,0.11711270554337258,0.12648716343143393,0.023896841358097717
500000,45,Context LR,0.12264827155499727,0.1343143393863494,0.02422223476935238
500000,45,Context LR,0.1282548063616428,0.13901064495929868,0.023979261179520414
500000,45,Context LR,0.1337832754937654,0.14715090795241076,0.02432586305056674
500000,45,Context LR,0.13933303526439425,0.154351909830933,0.024495677233429394
500000,45,Context LR,0.1449679575890481,0.15779586725109582,0.0240791170990397
500000,45,Context LR,0.15056739551619153,0.1628052598622417,0.023923444976076555
500000,45,Context LR,0.1561526396843308,0.16844082654978085,0.023867619005367997
500000,45,Context LR,0.16174498073197216,0.17376330619912336,0.023772809046517605
500000,45,Context LR,0.16735151553861766,0.17845961177207265,0.023601507183967536
500000,45,Context LR,0.17293675970675693,0.18409517845961176,0.023561468184003845
500000,45,Context LR,0.1785291007543983,0.18941765810895428,0.023485113155545204
500000,45,Context LR,0.1841001511635334,0.19567939887288666,0.02352631182714748
500000,45,Context LR,0.1896712015726685,0.20194113963681903,0.023565087136019874
500000,45,Context LR,0.19517128318678278,0.2113337507827176,0.023956558773424192
500000,45,Context LR,0.20079201175243244,0.21571696931747025,0.023773376578566006
500000,45,Context LR,0.20644822471559254,0.2182216656230432,0.023399469567260887
500000,45,Context LR,0.2120334688837318,0.22385723231058235,0.023372123430962344
500000,45,Context LR,0.21755484113635234,0.23231058234189106,0.02363283116221295
500000,45,Context LR,0.2231116977864833,0.23919849718221667,0.023725234457487112
500000,45,Context LR,0.22868274819561837,0.24546023794614902,0.023752537340564123
500000,45,Context LR,0.23425379860475348,0.2517219787100814,0.02377854016325565
500000,45,Context LR,0.23984613965239485,0.2570444583594239,0.02371667099979779
500000,45,Context LR,0.24540299630252577,0.26393237319974955,0.023798769126531533
500000,45,Context LR,0.2509669498321588,0.27050720100187853,0.023849614928092306
500000,45,Context LR,0.25655219400029805,0.27614276768941765,0.023817239144523654
500000,45,Context LR,0.26211614752993107,0.2827175954915466,0.02386552845098713
500000,45,Context LR,0.26770139169807033,0.2883531621790858,0.02383417007401273
500000,45,Context LR,0.2733008296252138,0.2933625547902317,0.023753390625396102
500000,45,Context LR,0.278878976913851,0.29931120851596743,0.02375037265229057
500000,45,Context LR,0.28445712420248814,0.3052598622417032,0.023747473025306283
500000,45,Context LR,0.290006883973117,0.31246086412022545,0.02384023696908891
500000,45,Context LR,0.2955850312617542,0.31840951784596117,0.0238357512831931
500000,45,Context LR,0.30119156606839975,0.3231058234189105,0.02373941847626058
500000,45,Context LR,0.3067342289595265,0.3306199123356293,0.02384985432617386
500000,45,Context LR,0.3123478606456741,0.33500313087038197,0.023734528193070405
500000,45,Context LR,0.3179260079343113,0.34095178459611775,0.02373221173752915
500000,45,Context LR,0.32347576770494013,0.34815278647463993,0.02381564293669151
500000,45,Context LR,0.32909649627058984,0.352222917971196,0.023685706465671516
500000,45,Context LR,0.33465335292072074,0.3591108328115216,0.02374642871930769
500000,45,Context LR,0.34023859708886,0.36474639949906074,0.023723705378052008
500000,45,Context LR,0.3458238412569993,0.37038196618659985,0.02370171501843244
500000,45,Context LR,0.35141618230464067,0.37570444583594237,0.023660705483368495
500000,45,Context LR,0.3570227171112862,0.3804007514088917,0.023582159077675555
500000,45,Context LR,0.3625866706409192,0.38697557921102066,0.023620692950102242
500000,45,Context LR,0.36812933353204597,0.3944896681277395,0.023714522321764662
500000,45,Context LR,0.3737713527362019,0.3976205385097057,0.023545988838830488
500000,45,Context LR,0.37936369378384327,0.4029430181590482,0.023510284607796573
500000,45,Context LR,0.3848992597954679,0.4107701941139637,0.02361963742416332
500000,45,Context LR,0.39047031020460304,0.4170319348778961,0.023637137989778536
500000,45,Context LR,0.39604845749324025,0.4229805886036318,0.023636649929142536
500000,45,Context LR,0.40160531414337114,0.43018159048215404,0.023704777185445888
500000,45,Context LR,0.40719765519101253,0.43550407013149656,0.02366934386060441
500000,45,Context LR,0.41280418999765806,0.4402003757044458,0.023601295889077268
500000,45,Context LR,0.4183539497682869,0.44740137758296805,0.023667561032164032
500000,45,Context LR,0.4239179032979199,0.45397620538509703,0.023699393622411455
500000,45,Context LR,0.42951024434556123,0.45929868503443955,0.02366587081370588
500000,45,Context LR,0.43505290723668805,0.46681277395115844,0.023744684917108596
500000,45,Context LR,0.44065234516383145,0.4718221665623043,0.02369571370168873
500000,45,Context LR,0.446173717416452,0.480275516593613,0.023818766206543173
500000,45,Context LR,0.45179444598210167,0.48434564809016906,0.02372408293460925
500000,45,Context LR,0.4574151745477514,0.4884157795867251,0.023631708905821582
500000,45,Context LR,0.46295783743887814,0.49592986850344395,0.023706186955610765
500000,45,Context LR,0.4685856628840299,0.4996869129618034,0.023601437380772815
500000,45,Context LR,0.474156713293165,0.5059486537257357,0.023616063599696032
500000,45,Context LR,0.47969937618429176,0.5134627426424546,0.023688125604841622
500000,45,Context LR,0.4853484922679498,0.5162805259862242,0.023544361632256774
500000,45,Context LR,0.49090534891808074,0.5231684408265498,0.02358736925313722
500000,45,Context LR,0.49649059308622,0.528804007514089,0.02357358195623046
500000,45,Context LR,0.5020758372543592,0.534439574201628,0.02356010103101321
500000,45,Context LR,0.5076894689405068,0.5388227927363807,0.02349231483250976
500000,45,Context LR,0.5133172943856587,0.5425798371947401,0.02339899815022346
500000,45,Context LR,0.5189167323128021,0.5475892298058861,0.023361115563391568
500000,45,Context LR,0.5245232671194476,0.5522855353788353,0.023310824204141503
500000,45,Context LR,0.530122705046591,0.5572949279899813,0.023274667224561313
500000,45,Context LR,0.5357434336122407,0.5613650594865373,0.023200445117296173
500000,45,Context LR,0.5413570652983883,0.5657482780212899,0.02314055936891712
500000,45,Context LR,0.5469281157075234,0.5720100187852223,0.02315794810692964
500000,45,Context LR,0.552541747393671,0.5763932373199749,0.023099701372681875
500000,45,Context LR,0.5581269915618102,0.5820288040075141,0.023092307118989356
500000,45,Context LR,0.5637193326094516,0.5873512836568566,0.02307276036798347
500000,45,Context LR,0.5693045767775909,0.5929868503443957,0.023065775212207568
500000,45,Context LR,0.574875627186726,0.5992485911083281,0.023083045900769435
500000,45,Context LR,0.5804537744753632,0.6051972448340639,0.023088040323447558
500000,45,Context LR,0.5860532124025066,0.6102066374452098,0.023057448419458643
500000,45,Context LR,0.5916100690526376,0.6170945522855353,0.02309774647557217
500000,45,Context LR,0.5971882163412747,0.6230432060112712,0.023102463488820266
500000,45,Context LR,0.6028160417864266,0.6271133375078272,0.02303781744571218
500000,45,Context LR,0.6084154797135699,0.632122730118973,0.023008809217199055
500000,45,Context LR,0.6140078207612113,0.6374452097683156,0.022991620931860784
500000,45,Context LR,0.6195930649293505,0.6430807764558547,0.022985933146073702
500000,45,Context LR,0.625199599735996,0.647777082028804,0.022947074220309657
500000,45,Context LR,0.6307706501451312,0.6540388227927364,0.022963866811771042
500000,45,Context LR,0.6363842818312788,0.658422041327489,0.022914986815437924
500000,45,Context LR,0.641962429119916,0.6643706950532248,0.022920964797632292
500000,45,Context LR,0.6475476732880553,0.6700062617407639,0.022916131243039494
500000,45,Context LR,0.6531471112151986,0.6750156543519098,0.022890146407754622
500000,45,Context LR,0.6587039678653296,0.6819035691922355,0.022927763858770028
500000,45,Context LR,0.6643459870694856,0.6850344395742016,0.02283948684224261
500000,45,Context LR,0.6699028437196165,0.6919223544145272,0.02287689950726678
500000,45,Context LR,0.6754171190927349,0.7006887914840325,0.02297528975761993
500000,45,Context LR,0.6810023632608742,0.7063243581715717,0.022970248640723317
500000,45,Context LR,0.6865663167905072,0.7128991859737007,0.022995586705581758
500000,45,Context LR,0.6921728515971527,0.7175954915466499,0.022960410322167012
500000,45,Context LR,0.6977226113677816,0.7247964934251722,0.02300529668385853
500000,45,Context LR,0.703314952415423,0.7301189730745147,0.02299031882800639
500000,45,Context LR,0.7088930997040601,0.7360676268002505,0.022995138841342345
500000,45,Context LR,0.7144996345107056,0.7407639323731997,0.022961065176041302
500000,45,Context LR,0.7201132661968532,0.7451471509079524,0.022917890398559446
500000,45,Context LR,0.72565592908798,0.7526612398246713,0.022970932788044414
500000,45,Context LR,0.7313050451716381,0.7554790231684408,0.02288093002967978
500000,45,Context LR,0.7368335143037607,0.763619286161553,0.022952269818565085
500000,45,Context LR,0.742425855351402,0.7689417658108955,0.022938478924805498
500000,45,Context LR,0.7480181963990433,0.774264245460238,0.02292489385764874
500000,45,Context LR,0.7536105374466847,0.7795867251095805,0.022911510043338638
500000,45,Context LR,0.7591957816148239,0.7852222917971196,0.02290745679734025
500000,45,Context LR,0.7647952195419674,0.7902316844082655,0.022885328545911198
500000,45,Context LR,0.7703520761920983,0.7971195992485911,0.022917529299512126
500000,45,Context LR,0.7760011922757564,0.7999373825923607,0.02283309055487538
500000,45,Context LR,0.7815722426848914,0.8061991233562931,0.022847458830210107
500000,45,Context LR,0.7871716806120349,0.8112085159674389,0.02282638381097534
500000,45,Context LR,0.7927711185391784,0.8162179085785849,0.02280560561261088
500000,45,Context LR,0.7983208783098071,0.823418910457107,0.022845924651881965
500000,45,Context LR,0.8038422505624278,0.8321853475266124,0.02292861764071598
500000,45,Context LR,0.8095055604050899,0.8343769567939887,0.022830463462691682
500000,45,Context LR,0.8151404827297437,0.8378209142141515,0.022767686221125624
500000,45,Context LR,0.8207115331388788,0.8440826549780839,0.022781815109007942
500000,45,Context LR,0.8263038741865202,0.8494051346274264,0.022770573670737336
500000,45,Context LR,0.8319316996316719,0.8531621790857858,0.02271779908295123
500000,45,Context LR,0.8375595250768237,0.8569192235441453,0.0226657281271997
500000,45,Context LR,0.8431589630039672,0.8619286161552911,0.022647252385653176
500000,45,Context LR,0.8488009822081231,0.8650594865372574,0.02257998610713848
500000,45,Context LR,0.8544288076532749,0.8688165309956167,0.02252983681091175
500000,45,Context LR,0.8600353424599204,0.873512836568566,0.02250453720508167
500000,45,Context LR,0.8656347803870638,0.878522229179712,0.02248757813752204
500000,45,Context LR,0.8712271214347052,0.8838447088290545,0.02247879921965203
500000,45,Context LR,0.8768691406388611,0.8869755792110207,0.022414748002215365
500000,45,Context LR,0.8824259972889921,0.8938634940513462,0.02244585085891741
500000,45,Context LR,0.8880112414571313,0.8994990607388854,0.0224453125
500000,45,Context LR,0.8935822918662664,0.9057608015028178,0.022460308217848685
500000,45,Context LR,0.8992030204319161,0.9098309329993738,0.022421109482293033
500000,45,Context LR,0.9048237489975658,0.9139010644959299,0.022382394663190582
500000,45,Context LR,0.9104373806837134,0.9182842830306825,0.022351775643956715
500000,45,Context LR,0.9160652061288651,0.922041327489042,0.02230638136716531
500000,45,Context LR,0.9216504502970044,0.9276768941765811,0.022306707822028156
500000,45,Context LR,0.9272782757421562,0.9314339386349405,0.022262131926516257
500000,45,Context LR,0.9328635199102955,0.9370695053224797,0.022262719428741445
500000,45,Context LR,0.9384629578374388,0.9420788979336255,0.0222485119597767
500000,45,Context LR,0.9440552988850802,0.947401377582968,0.022241822859242925
500000,45,Context LR,0.9496689305712278,0.9517845961177207,0.02221329143984509
500000,45,Context LR,0.9552612716188692,0.9571070757670632,0.02220688653203545
500000,45,Context LR,0.9608394189075063,0.963055729492799,0.02221500018055104
500000,45,Context LR,0.9664104693166414,0.9693174702567313,0.022230200330293673
500000,45,Context LR,0.9720099072437849,0.9743268628678773,0.02221666964126361
500000,45,Context LR,0.9776093451709283,0.9793362554790231,0.02220329358319137
500000,45,Context LR,0.9832087830980718,0.9843456480901691,0.022190069520415006
500000,45,Context LR,0.9888082210252153,0.989355040701315,0.022176994876833462
500000,45,Context LR,0.9943934651933545,0.9949906073888541,0.02217802435535085
500000,45,Context LR,1.0,1.0,0.02216500926433543
500000,46,Amount LR,7.078844166324522e-06,0.0,0.0
500000,46,Amount LR,0.0008140670791273201,0.0016297262059973925,0.041666666666666664
500000,46,Amount LR,0.0016422918465872891,0.0022816166883963492,0.029288702928870293
500000,46,Amount LR,0.00244220123738196,0.0048891786179921775,0.041666666666666664
500000,46,Amount LR,0.003263347160675605,0.006844850065189048,0.043568464730290454
500000,46,Amount LR,0.004098650772301898,0.007822685788787484,0.03980099502487562
500000,46,Amount LR,0.004912717851429218,0.01075619295958279,0.0453920220082531
500000,46,Amount LR,0.005762179151388162,0.011734028683181226,0.042352941176470586
500000,46,Amount LR,0.006661192360511376,0.012059973924380704,0.03783231083844581
500000,46,Amount LR,0.0074964959721376696,0.013363754889178618,0.03727272727272727
500000,46,Amount LR,0.00836011496042926,0.015319426336375489,0.038273615635179156
500000,46,Amount LR,0.009259128169552475,0.015971316818774447,0.03610906411201179
500000,46,Amount LR,0.010115668313677743,0.017601043024771838,0.03641267700606878
500000,46,Amount LR,0.01097220845780301,0.019882659713168188,0.03786468032278088
500000,46,Amount LR,0.011849985134427251,0.02151238591916558,0.03793103448275862
500000,46,Amount LR,0.01275607718771679,0.02216427640156454,0.03636363636363636
500000,46,Amount LR,0.01363385386434103,0.02346805736636245,0.036036036036036036
500000,46,Amount LR,0.014532867073464245,0.025097783572359842,0.03615023474178404
500000,46,Amount LR,0.015389407217589511,0.026727509778357236,0.03634751773049645
500000,46,Amount LR,0.016288420426712726,0.02770534550195567,0.03562447611064543
500000,46,Amount LR,0.01720159132416859,0.029009126466753587,0.03533148074632791
500000,46,Amount LR,0.018072289156626505,0.0303129074315515,0.035147392290249435
500000,46,Amount LR,0.019013775430747667,0.030964797913950456,0.03416037396619921
500000,46,Amount LR,0.019934025172369856,0.031942633637548894,0.033630748112560054
500000,46,Amount LR,0.020925063355655287,0.03389830508474576,0.03398692810457516
500000,46,Amount LR,0.021901943850608074,0.03552803129074315,0.034030596315953794
500000,46,Amount LR,0.022857587813061884,0.036831812255541066,0.033812088569718735
500000,46,Amount LR,0.023926493282176886,0.03878748370273794,0.03400971706201772
500000,46,Amount LR,0.024875058400464372,0.04106910039113429,0.03461538461538462
500000,46,Amount LR,0.025837781207084506,0.04302477183833116,0.034902168164992066
500000,46,Amount LR,0.026835898234536266,0.044654498044328556,0.034877800407331974
500000,46,Amount LR,0.02783401526198802,0.04563233376792699,0.0343811394891945
500000,46,Amount LR,0.02890999957526935,0.048239895697522815,0.03497164461247637
500000,46,Amount LR,0.029886880070222135,0.051173402868318126,0.03585293445992236
500000,46,Amount LR,0.030892075941840215,0.052803129074315516,0.035793194874060984
500000,46,Amount LR,0.03196098141095522,0.05541069100391134,0.03628601921024546
500000,46,Amount LR,0.03309359647756714,0.05704041720990873,0.03608247422680412
500000,46,Amount LR,0.03422621154417907,0.059647979139504564,0.036468712634515746
500000,46,Amount LR,0.03537298429912364,0.06095176010430248,0.03607253086419753
500000,46,Amount LR,0.03651267820990189,0.06453715775749674,0.03696788648244959
500000,46,Amount LR,0.03760282021151586,0.06584093872229466,0.03663402248821183
500000,46,Amount LR,0.03876375065479309,0.06812255541069101,0.03676341248900616
500000,46,Amount LR,0.03988220803307236,0.06942633637548892,0.03642893791688045
500000,46,Amount LR,0.040958192346353686,0.07170795306388526,0.03663003663003663
500000,46,Amount LR,0.04206249203630031,0.07301173402868318,0.036328251702886796
500000,46,Amount LR,0.04321634363541121,0.07464146023468057,0.036154089043258605
500000,46,Amount LR,0.04449053558534962,0.0772490221642764,0.03633854645814168
500000,46,Amount LR,0.04567270256112582,0.07822685788787484,0.03586371787208607
500000,46,Amount LR,0.046968131043563205,0.08050847457627118,0.03589072943911654
500000,46,Amount LR,0.04822108646100265,0.08376792698826598,0.03635592021502334
500000,46,Amount LR,0.049466963034275765,0.0847457627118644,0.0358719646799117
500000,46,Amount LR,0.05079070689337845,0.08735332464146023,0.03600698643020288
500000,46,Amount LR,0.05205074115498422,0.09126466753585398,0.036682824577492466
500000,46,Amount LR,0.05343819461158382,0.09289439374185136,0.03637988256318611
500000,46,Amount LR,0.05479733269151813,0.09615384615384616,0.03670980587356894
500000,46,Amount LR,0.05602197273229227,0.09745762711864407,0.036405698283209546
500000,46,Amount LR,0.05735279543556128,0.09941329856584094,0.036279291066968006
500000,46,Amount LR,0.05869777582716294,0.1016949152542373,0.03626220362622036
500000,46,Amount LR,0.060163096569592116,0.10462842242503259,0.03639455782312925
500000,46,Amount LR,0.06150807696119378,0.10788787483702737,0.036696230598669624
500000,46,Amount LR,0.06286721504112809,0.11179921773142112,0.0371856027753686
500000,46,Amount LR,0.06426882618606033,0.11473272490221642,0.03732371964796946
500000,46,Amount LR,0.0658474084351507,0.11831812255541069,0.037558199689601654
500000,46,Amount LR,0.06729857148924724,0.12190352020860495,0.03785041999797591
500000,46,Amount LR,0.06877097107584274,0.12222946544980444,0.037165510406342916
500000,46,Amount LR,0.07025752835077088,0.12679269882659713,0.03771572619740159
500000,46,Amount LR,0.07175824331403169,0.1290743155149935,0.03759612645969809
500000,46,Amount LR,0.07341469284895162,0.13135593220338984,0.03740486356042324
500000,46,Amount LR,0.07500743278637464,0.13526727509778358,0.0376895831441286
500000,46,Amount LR,0.07673467076295783,0.1378748370273794,0.037556601260765335
500000,46,Amount LR,0.07845482989537468,0.13983050847457626,0.03726546212647672
500000,46,Amount LR,0.08008296405362933,0.14341590612777053,0.037437250063813494
500000,46,Amount LR,0.08183851740687781,0.14569752281616688,0.03722518321119254
500000,46,Amount LR,0.08351620347429671,0.14797913950456323,0.037055174665360756
500000,46,Amount LR,0.08536378180170742,0.14993481095176012,0.036744148893681605
500000,46,Amount LR,0.08720428128495179,0.15189048239895697,0.03644896362925303
500000,46,Amount LR,0.08912972689819207,0.15514993481095177,0.03642764215198592
500000,46,Amount LR,0.09117551286225985,0.15743155149934812,0.03614457831325301
500000,46,Amount LR,0.0930938796313338,0.1606910039113429,0.03613309879800645
500000,46,Amount LR,0.09501932524457407,0.16329856584093871,0.035981039931054296
500000,46,Amount LR,0.09724208231279996,0.16688396349413298,0.03593234612955295
500000,46,Amount LR,0.09932326249769938,0.1698174706649283,0.03580263881253436
500000,46,Amount LR,0.10159557147508955,0.17242503259452413,0.03554868624420402
500000,46,Amount LR,0.10381124969914912,0.17503259452411996,0.035324299434284966
500000,46,Amount LR,0.10606940098820665,0.17959582790091264,0.035468297392983586
500000,46,Amount LR,0.10844081378392537,0.181877444589309,0.03514517856018139
500000,46,Amount LR,0.11070604391714921,0.18513689700130379,0.03504658480903313
500000,46,Amount LR,0.11316240284286382,0.18741851368970014,0.03472012559628042
500000,46,Amount LR,0.11534268684609177,0.1906779661016949,0.0346584513300551
500000,46,Amount LR,0.11775657270680844,0.19426336375488917,0.03458882247112762
500000,46,Amount LR,0.1201421431908598,0.19752281616688397,0.03447491182159518
500000,46,Amount LR,0.1226834482465703,0.20176010430247718,0.03448467966573816
500000,46,Amount LR,0.1253663301856073,0.20567144719687092,0.03440379477672973
500000,46,Amount LR,0.12802797559214532,0.21023468057366362,0.034434894025946294
500000,46,Amount LR,0.13060467486868743,0.21414602346805736,0.03438530381535563
500000,46,Amount LR,0.13323800489856016,0.21773142112125163,0.034273986659825555
500000,46,Amount LR,0.1362465136692481,0.22229465449804434,0.0342214862762808
500000,46,Amount LR,0.13900018404994832,0.2288135593220339,0.034516668305634775
500000,46,Amount LR,0.1421361120156301,0.2333767926988266,0.034431353690791054
500000,46,Amount LR,0.1452861976696445,0.24022164276401564,0.034664409011805654
500000,46,Amount LR,0.14845751985615788,0.2467405475880052,0.034838234617331675
500000,46,Amount LR,0.1517491823934988,0.25,0.03454332552693208
500000,46,Amount LR,0.15514702759333457,0.2519556714471969,0.03406787130894667
500000,46,Amount LR,0.15860858239066725,0.2588005215123859,0.03422413793103448
500000,46,Amount LR,0.1621409256296632,0.26401564537157757,0.03415559772296015
500000,46,Amount LR,0.16547506123200204,0.2682529335071708,0.034009669821066985
500000,46,Amount LR,0.169531238939306,0.27183833116036504,0.033652100229996366
500000,46,Amount LR,0.17330426287995696,0.2737940026075619,0.03317273517099755
500000,46,Amount LR,0.17714099641810485,0.27672750977835725,0.03281413056081629
500000,46,Amount LR,0.18140953945039853,0.2819426336375489,0.03265136645024913
500000,46,Amount LR,0.18556482097603103,0.28520208604954367,0.032300933958433316
500000,46,Amount LR,0.18983336400832473,0.2897653194263364,0.03208691258211218
500000,46,Amount LR,0.19434258774227345,0.2940026075619296,0.031809846240654534
500000,46,Amount LR,0.19876686534622626,0.29791395045632335,0.03152485082606146
500000,46,Amount LR,0.20348845440516472,0.3028031290743155,0.03130581297388374
500000,46,Amount LR,0.20839409341242762,0.30638852672750977,0.030942427334671976
500000,46,Amount LR,0.21375277844633528,0.3122555410691004,0.030750465429800346
500000,46,Amount LR,0.21906191157107868,0.31747066492829207,0.030513784461152882
500000,46,Amount LR,0.2242365466566619,0.32105606258148633,0.030157369420121243
500000,46,Amount LR,0.22995625274305212,0.3243155149934811,0.029719235364396655
500000,46,Amount LR,0.2358175357127688,0.32790091264667537,0.029313208426818962
500000,46,Amount LR,0.24150892642249375,0.3344198174706649,0.029195003272344422
500000,46,Amount LR,0.2478515707955205,0.3389830508474576,0.02884642054752725
500000,46,Amount LR,0.2542862401427095,0.3451760104302477,0.028636326762391497
500000,46,Amount LR,0.26111024591904636,0.3516949152542373,0.028420913999736598
500000,46,Amount LR,0.26778559596789037,0.3578878748370274,0.028206643203945846
500000,46,Amount LR,0.27453881330256397,0.363754889178618,0.027970625830221307
500000,46,Amount LR,0.2815256324947263,0.36897001303780963,0.027675908268544325
500000,46,Amount LR,0.28841334786856004,0.3767926988265971,0.02759015728299005
500000,46,Amount LR,0.2957611881132049,0.3820078226857888,0.027285637790142713
500000,46,Amount LR,0.30349128594283126,0.38852672750977835,0.027050947463973674
500000,46,Amount LR,0.3111293587982954,0.3966753585397653,0.026943257543890722
500000,46,Amount LR,0.31936205456373085,0.40514993481095174,0.026813063548902023
500000,46,Amount LR,0.32785666756332027,0.40840938722294656,0.026341237806929027
500000,46,Amount LR,0.33667690739456063,0.41623207301173404,0.026147671894835987
500000,46,Amount LR,0.34534849149830815,0.4227509778357236,0.025897010961803406
500000,46,Amount LR,0.3542041255503801,0.431877444589309,0.025797282037303842
500000,46,Amount LR,0.3641782169807314,0.438722294654498,0.02549628731626004
500000,46,Amount LR,0.3739753373069245,0.44784876140808344,0.025348682754040293
500000,46,Amount LR,0.38434584401058997,0.4530638852672751,0.024961838915327286
500000,46,Amount LR,0.3949641102600767,0.46316818774445895,0.02483571029082774
500000,46,Amount LR,0.4059221610295471,0.47196870925684486,0.024629620179959517
500000,46,Amount LR,0.41707841943567453,0.47946544980443284,0.02435833747309157
500000,46,Amount LR,0.42848951623178966,0.4892438070404172,0.024197188547846273
500000,46,Amount LR,0.44057310322370563,0.5,0.02405444395659537
500000,46,Amount LR,0.45238061529313495,0.5133637548891786,0.024052778668621433
500000,46,Amount LR,0.46505174635085583,0.5250977835723598,0.02393510333249142
500000,46,Amount LR,0.47763793127858084,0.5391134289439374,0.023926628862400184
500000,46,Amount LR,0.49114436594792804,0.5505215123859192,0.023764967426939256
500000,46,Amount LR,0.5053303696572423,0.5609517601043025,0.023540837402711096
500000,46,Amount LR,0.5192969291974007,0.575619295958279,0.02350748752079867
500000,46,Amount LR,0.5338722693358628,0.5873533246414603,0.023335923335923336
500000,46,Amount LR,0.5489502074101341,0.6000651890482399,0.023189610651349682
500000,46,Amount LR,0.5646369260827092,0.613102998696219,0.023038765386735258
500000,46,Amount LR,0.5807979273144281,0.6271186440677966,0.022912672232080124
500000,46,Amount LR,0.5970721900528082,0.6408083441981747,0.022777829270553343
500000,46,Amount LR,0.6139481545453258,0.6554758800521513,0.022661452992416134
500000,46,Amount LR,0.6310931151161638,0.6720990873533247,0.02260617887604973
500000,46,Amount LR,0.6497317118060963,0.6870925684485006,0.02245108794052805
500000,46,Amount LR,0.6683773873401951,0.703715775749674,0.02235498767835325
500000,46,Amount LR,0.6870938513159571,0.7190352020860495,0.02222244608085102
500000,46,Amount LR,0.7065748304616822,0.7356584093872229,0.022111842620895054
500000,46,Amount LR,0.7259991788540767,0.758148631029987,0.022176669685846404
500000,46,Amount LR,0.7463013039230955,0.7750977835723598,0.02205834608784379
500000,46,Amount LR,0.767056475018759,0.7946544980443285,0.022004205890051174
500000,46,Amount LR,0.7872099443602849,0.8076923076923077,0.02179726258752331
500000,46,Amount LR,0.8076678040009627,0.8265971316818774,0.021743603813704642
500000,46,Amount LR,0.8290175980065975,0.848109517601043,0.021735135406051088
500000,46,Amount LR,0.8502612093497374,0.8653846153846154,0.02162615665319953
500000,46,Amount LR,0.8707332266787479,0.886245110821382,0.021626737933886926
500000,46,Amount LR,0.8906672518511177,0.901238591916558,0.02150311853545487
500000,46,Amount LR,0.9103605963218325,0.916883963494133,0.021405308333840627
500000,46,Amount LR,0.928737275777611,0.9335071707953064,0.021363090487308205
500000,46,Amount LR,0.9458114479067857,0.9485006518904824,0.021315402026061924
500000,46,Amount LR,0.9617105319043506,0.9657757496740548,0.021344186716611438
500000,46,Amount LR,0.9752240454178641,0.9749022164276402,0.021249387241842325
500000,46,Amount LR,0.9856157886540285,0.9856584093872229,0.02125715249757483
500000,46,Amount LR,0.9935794883411436,0.9938070404172099,0.021261017516456544
500000,46,Amount LR,0.9979754505684312,0.999348109517601,0.021284867334046068
500000,46,Amount LR,1.0,1.0,0.021256252857954468
500000,46,Context LR,7.078844166324522e-06,0.0,0.0
500000,46,Context LR,0.005542734982232101,0.007822685788787484,0.02973977695167286
500000,46,Context LR,0.011149179561961124,0.012385919165580182,0.023558586484810913
500000,46,Context LR,0.016741466453357497,0.017601043024771838,0.02232327408019843
500000,46,Context LR,0.022354989877252842,0.02216427640156454,0.021078735275883446
500000,46,Context LR,0.02796851330114819,0.026401564537157758,0.020089285714285716
500000,46,Context LR,0.03351124828338029,0.03389830508474576,0.02149648615130219
500000,46,Context LR,0.03911061401894299,0.03911342894393742,0.021257750221434897
500000,46,Context LR,0.04468166437784039,0.04530638852672751,0.021547046969462098
500000,46,Context LR,0.05023855704840514,0.05215123859191656,0.02204767810389968
500000,46,Context LR,0.055901632381464755,0.05443285528031291,0.020709325396825396
500000,46,Context LR,0.06145144620786318,0.06160365058670143,0.021307779030439684
500000,46,Context LR,0.06702249656676058,0.06779661016949153,0.02149648615130219
500000,46,Context LR,0.07262186230232327,0.07301173402868318,0.021367929027950015
500000,46,Context LR,0.07813628190789008,0.0818122555410691,0.022234033129595182
500000,46,Context LR,0.08367901689012218,0.08930899608865711,0.022653989251756924
500000,46,Context LR,0.08927130378151855,0.09485006518904825,0.02255464269105565
500000,46,Context LR,0.09482111760791698,0.10202086049543677,0.022833381966734755
500000,46,Context LR,0.10035677374598276,0.10984354628422426,0.023218961003169353
500000,46,Context LR,0.1059419817932128,0.11571056062581486,0.02317081130474512
500000,46,Context LR,0.11147763793127859,0.12353324641460235,0.023500961121101258
500000,46,Context LR,0.1170557671343423,0.12940026075619296,0.023445343412271894
500000,46,Context LR,0.12263389633740603,0.13559322033898305,0.023449830890642617
500000,46,Context LR,0.1282261832288024,0.1408083441981747,0.023293432546101587
500000,46,Context LR,0.13380431243186613,0.14667535853976532,0.023253410500206698
500000,46,Context LR,0.1393753627907635,0.15319426336375488,0.02331464854407461
500000,46,Context LR,0.14493225546132826,0.16003911342894395,0.02341998569043644
500000,46,Context LR,0.15047499044356039,0.16753585397653195,0.023609388636259245
500000,46,Context LR,0.15610267155578836,0.1714471968709257,0.023297014793161486
500000,46,Context LR,0.16167372191468576,0.17764015645371578,0.02330653438248375
500000,46,Context LR,0.16725185111774948,0.1835071707953064,0.023274080198429102
500000,46,Context LR,0.17282998032081323,0.1897001303780965,0.023282793935272234
500000,46,Context LR,0.17842934605637592,0.19458930899608864,0.023136844552958957
500000,46,Context LR,0.1840216329477723,0.19980443285528032,0.023037318200608815
500000,46,Context LR,0.18962099868333498,0.20501955671447197,0.022942807119929968
500000,46,Context LR,0.19518497019806605,0.21153846153846154,0.022996244064913896
500000,46,Context LR,0.20075602055696345,0.21773142112125163,0.023012264020945295
500000,46,Context LR,0.20628459785086292,0.22620599739243807,0.023261270320093848
500000,46,Context LR,0.21186980589809296,0.2317470664928292,0.02320420351816194
500000,46,Context LR,0.21744085625699036,0.2379400260756193,0.023213661080548224
500000,46,Context LR,0.22300482777172143,0.24478487614080835,0.023283933775655734
500000,46,Context LR,0.22858295697478515,0.25065189048239894,0.02326073805202662
500000,46,Context LR,0.2341398496453499,0.25749674054758803,0.023327230851001003
500000,46,Context LR,0.23978876729007687,0.2604302477183833,0.023043866985839125
500000,46,Context LR,0.24538105418147324,0.26564537157757495,0.02297133515600778
500000,46,Context LR,0.2509450256962043,0.27216427640156454,0.023012264020945295
500000,46,Context LR,0.2564806818342701,0.2803129074315515,0.023185592580610374
500000,46,Context LR,0.2621083629464981,0.2838983050847458,0.022982743152672964
500000,46,Context LR,0.2677148075262271,0.28846153846153844,0.022865853658536585
500000,46,Context LR,0.2732858578851245,0.294980443285528,0.02290501379362709
500000,46,Context LR,0.2788923024648535,0.29954367666232073,0.022794354738695836
500000,46,Context LR,0.284442116291252,0.30671447196870927,0.022882571796804706
500000,46,Context LR,0.290027324338482,0.31258148631029986,0.02287145242070117
500000,46,Context LR,0.29561253238571206,0.318122555410691,0.02283788843129914
500000,46,Context LR,0.3012189769654411,0.3226857887874837,0.02273666804464655
500000,46,Context LR,0.30679002732433847,0.32920469361147325,0.022773906965207785
500000,46,Context LR,0.31238939305990115,0.33409387222946546,0.02269959030007751
500000,46,Context LR,0.3178967338213017,0.3432203389830508,0.022910728661256284
500000,46,Context LR,0.3234748630243654,0.3494132985658409,0.022921655833048237
500000,46,Context LR,0.3290742287599281,0.3543024771838331,0.02284861478959095
500000,46,Context LR,0.33466651565132444,0.35951760104302477,0.022798677139313765
500000,46,Context LR,0.34029419676355244,0.36342894393741854,0.02266859129444772
500000,46,Context LR,0.3458794048107825,0.36897001303780963,0.022643170043806133
500000,46,Context LR,0.35146461285801256,0.3745110821382008,0.022618555483375657
500000,46,Context LR,0.3570568997494089,0.38005215123859193,0.022594271983877843
500000,46,Context LR,0.3626067135758073,0.38722294654498046,0.02266656490879951
500000,46,Context LR,0.3681848427788711,0.39308996088657105,0.02266150550565598
500000,46,Context LR,0.37381252389109904,0.3970013037809648,0.0225451180009255
500000,46,Context LR,0.37943312615916075,0.40091264667535853,0.022432565519505388
500000,46,Context LR,0.3849970976738918,0.4074315514993481,0.02246706328522386
500000,46,Context LR,0.39061062109778716,0.41199478487614083,0.022393877117142656
500000,46,Context LR,0.39617459261251825,0.41851368970013036,0.022427947598253273
500000,46,Context LR,0.40175272181558197,0.424380704041721,0.022426622571310457
500000,46,Context LR,0.4073308510186457,0.4305736636245111,0.022441941457282163
500000,46,Context LR,0.41288774368921044,0.43741851368970014,0.022490740585563693
500000,46,Context LR,0.4184163209831099,0.4455671447196871,0.02260438197602315
500000,46,Context LR,0.42400152903033994,0.4514341590612777,0.022600437322541692
500000,46,Context LR,0.42957965823340366,0.4573011734028683,0.0225969591547481
500000,46,Context LR,0.4351648662806337,0.46284224250325945,0.022577670366012655
500000,46,Context LR,0.44066512819786785,0.4726205997392438,0.022762593993814854
500000,46,Context LR,0.4462715727775969,0.4771838331160365,0.022695211372409197
500000,46,Context LR,0.45180722891566266,0.485006518904824,0.022782600707363005
500000,46,Context LR,0.457420752339558,0.4895697522816167,0.022716273442226254
500000,46,Context LR,0.46302011807512067,0.49445893089960885,0.022666826046678423
500000,46,Context LR,0.46859824727818444,0.5003259452411994,0.022662847693852243
500000,46,Context LR,0.47414806110458285,0.5078226857887875,0.022731583478019814
500000,46,Context LR,0.4797049537751476,0.5146675358539765,0.02277020693633283
500000,46,Context LR,0.48534679257570823,0.5176010430247718,0.022636883294607345
500000,46,Context LR,0.4908470544929424,0.5273794002607562,0.02280222103215987
500000,46,Context LR,0.4964464202285051,0.5322685788787483,0.0227551418538543
500000,46,Context LR,0.5019820763665709,0.5400912646675359,0.02283312663635111
500000,46,Context LR,0.507546047881302,0.5466101694915254,0.02285488443087658
500000,46,Context LR,0.5131454136168646,0.5518252933507171,0.02282194033673483
500000,46,Context LR,0.5187447793524274,0.5567144719687093,0.022776673912173785
500000,46,Context LR,0.5243158297113247,0.5629074315514994,0.022785144138795434
500000,46,Context LR,0.5299435108235527,0.5668187744458931,0.022701757134278477
500000,46,Context LR,0.5355641130916144,0.5707301173402868,0.022620400992145514
500000,46,Context LR,0.5412130307363414,0.5733376792698827,0.022489579870611398
500000,46,Context LR,0.5467628445627398,0.5808344198174706,0.022550967464344922
500000,46,Context LR,0.5523480526099699,0.5863754889178618,0.02253623460733837
500000,46,Context LR,0.5579332606572,0.5919165580182529,0.02252179628688006
500000,46,Context LR,0.5634901533277646,0.5990873533246415,0.022568762278978388
500000,46,Context LR,0.5690753613749947,0.6046284224250326,0.022554288354448847
500000,46,Context LR,0.5746110175130604,0.6124511082138201,0.022624379906564563
500000,46,Context LR,0.5802033044044569,0.6179921773142112,0.02260938003076593
500000,46,Context LR,0.5858026701400195,0.6228813559322034,0.0225713104588673
500000,46,Context LR,0.5913878781872496,0.6284224250325945,0.02255735863626259
500000,46,Context LR,0.5969235343253153,0.6365710560625815,0.022636129720206774
500000,46,Context LR,0.6024875058400464,0.6430899608865711,0.022656285884892748
500000,46,Context LR,0.6080727138872765,0.6486310299869622,0.022641938787120265
500000,46,Context LR,0.6136154488695086,0.6564537157757496,0.02270651769507424
500000,46,Context LR,0.619186499228406,0.6626466753585397,0.02271432242494665
500000,46,Context LR,0.624750470743137,0.6691655801825294,0.022733060935233477
500000,46,Context LR,0.6303639941670324,0.673728813559322,0.022685368102199396
500000,46,Context LR,0.6358500983959339,0.6838331160365059,0.022823698352951415
500000,46,Context LR,0.6414565429756629,0.6883963494132985,0.022776291950651367
500000,46,Context LR,0.6470346721787267,0.6945893089960886,0.022782915486181644
500000,46,Context LR,0.6526198802259567,0.7001303780964798,0.022768467580373326
500000,46,Context LR,0.6582334036498521,0.704367666232073,0.02271222424248794
500000,46,Context LR,0.6638115328529158,0.7105606258148631,0.022719219626070826
500000,46,Context LR,0.6693967409001458,0.7161016949152542,0.02270566349731294
500000,46,Context LR,0.6749961066357085,0.7209908735332464,0.022671832400631368
500000,46,Context LR,0.6805954723712713,0.7262059973924381,0.022648490947719393
500000,46,Context LR,0.6861736015743349,0.7320730117340287,0.022645923028060375
500000,46,Context LR,0.691758809621565,0.7376140808344198,0.02263339500925139
500000,46,Context LR,0.697365254201294,0.742503259452412,0.022601000079371377
500000,46,Context LR,0.7029716987810231,0.7470664928292047,0.02255949920274021
500000,46,Context LR,0.7085710645165857,0.7519556714471969,0.022528416858716458
500000,46,Context LR,0.7142058244729801,0.7555410691003911,0.02245884644078635
500000,46,Context LR,0.7198122690527091,0.7601043024771839,0.022419412211465435
500000,46,Context LR,0.7254116347882718,0.7649934810951761,0.022390124304780438
500000,46,Context LR,0.7309897639913355,0.7711864406779662,0.022398939695162358
500000,46,Context LR,0.7365962085710646,0.7757496740547588,0.022360855349693714
500000,46,Context LR,0.7422097319949599,0.779986962190352,0.022314018761306204
500000,46,Context LR,0.7478090977305225,0.7852020860495437,0.022295440031837407
500000,46,Context LR,0.7533659904010873,0.7920469361147328,0.02232327408019843
500000,46,Context LR,0.7589724349808163,0.7966101694915254,0.022286865886687154
500000,46,Context LR,0.7646071949372106,0.8001955671447197,0.02222363037259659
500000,46,Context LR,0.7702065606727734,0.8050847457627118,0.022197458525801177
500000,46,Context LR,0.7757988475641697,0.8102998696219035,0.022180585296216988
500000,46,Context LR,0.7814406863647304,0.8135593220338984,0.02211060618140264
500000,46,Context LR,0.787061288632792,0.817470664928292,0.02205940559225282
500000,46,Context LR,0.7926748120566874,0.8217079530638852,0.022017659542878102
500000,46,Context LR,0.7982883354805828,0.826271186440678,0.02198497909909285
500000,46,Context LR,0.8038735435278128,0.8318122555410691,0.021978779109824997
500000,46,Context LR,0.8094941457958744,0.8357235984354628,0.021929899587745258
500000,46,Context LR,0.8151289057522688,0.8393089960886571,0.021873009131450415
500000,46,Context LR,0.8206999561111662,0.8455019556714471,0.021884570281192263
500000,46,Context LR,0.8263347160675605,0.848761408083442,0.02182055858618869
500000,46,Context LR,0.8319128452706243,0.8549543676662321,0.021832134771607406
500000,46,Context LR,0.8375405263828523,0.8585397653194263,0.02177759404712691
500000,46,Context LR,0.8431611286509139,0.8624511082138201,0.021731988567298532
500000,46,Context LR,0.8487746520748092,0.8670143415906127,0.021703124107601803
500000,46,Context LR,0.8543669389662056,0.8722294654498044,0.02169102448751307
500000,46,Context LR,0.8599946200784336,0.8758148631029987,0.0216388161868331
500000,46,Context LR,0.8655515127489983,0.8829856584093873,0.021675121217455313
500000,46,Context LR,0.8711508784845611,0.8878748370273793,0.02165548382993608
500000,46,Context LR,0.8767431653759574,0.8930899608865711,0.021643995765992068
500000,46,Context LR,0.8823071368906885,0.8999348109517601,0.02167172942127613
500000,46,Context LR,0.8879277391587501,0.9038461538461539,0.021629084215370454
500000,46,Context LR,0.8935695779593108,0.9067796610169492,0.021563718384968955
500000,46,Context LR,0.8991547860065409,0.9126466753585397,0.021568325373594207
500000,46,Context LR,0.9047329152096045,0.9185136897001304,0.021573040589162953
500000,46,Context LR,0.9103605963218325,0.9220990873533247,0.02152443849290888
500000,46,Context LR,0.9159033313040646,0.9299217731421121,0.02157457331044548
500000,46,Context LR,0.921495618195461,0.9351368970013038,0.021564132436393702
500000,46,Context LR,0.9271586935285206,0.9370925684485006,0.021479107365652853
500000,46,Context LR,0.9327368227315844,0.9432855280312907,0.02149148212508726
500000,46,Context LR,0.9383645038438124,0.946870925684485,0.021444811905746177
500000,46,Context LR,0.943985106111874,0.9507822685788787,0.021406032142070888
500000,46,Context LR,0.9496057083799357,0.9550195567144719,0.021374847713329006
500000,46,Context LR,0.9551626010505004,0.961864406779661,0.021402203317305253
500000,46,Context LR,0.9607902821627284,0.9654498044328553,0.021357137191846506
500000,46,Context LR,0.9664038055866239,0.970013037809648,0.02133394505935654
500000,46,Context LR,0.9720244078546855,0.9739243807040417,0.02129691665122379
500000,46,Context LR,0.9775954582135828,0.9801173402868318,0.021309918643875613
500000,46,Context LR,0.9832443758583098,0.9830508474576272,0.02125215798189057
500000,46,Context LR,0.9888578992822052,0.9872881355932204,0.02122322573412462
500000,46,Context LR,0.9944289496411026,0.9934810951760105,0.021236422415294682
500000,46,Context LR,1.0,1.0,0.021256252857954468
